month,forecast_units,region
2026-01-01,2338,Delhi NCR
2026-02-01,2338,Delhi NCR
2026-03-01,2338,Delhi NCR
2026-04-01,2338,Delhi NCR
2026-05-01,2338,Delhi NCR
2026-06-01,2338,Delhi NCR
2026-01-01,2857,Gujarat
2026-02-01,2857,Gujarat
2026-03-01,2857,Gujarat
2026-04-01,2857,Gujarat
2026-05-01,2857,Gujarat
2026-06-01,2857,Gujarat
2026-01-01,3943,Karnataka
2026-02-01,3943,Karnataka
2026-03-01,3943,Karnataka
2026-04-01,3943,Karnataka
2026-05-01,3943,Karnataka
2026-06-01,3943,Karnataka
2026-01-01,4172,Maharashtra
2026-02-01,4172,Maharashtra
2026-03-01,4172,Maharashtra
2026-04-01,4172,Maharashtra
2026-05-01,4172,Maharashtra
2026-06-01,4172,Maharashtra
2026-01-01,2177,Rajasthan
2026-02-01,2177,Rajasthan
2026-03-01,2177,Rajasthan
2026-04-01,2177,Rajasthan
2026-05-01,2177,Rajasthan
2026-06-01,2177,Rajasthan
2026-01-01,3047,Tamil Nadu
2026-02-01,3047,Tamil Nadu
2026-03-01,3047,Tamil Nadu
2026-04-01,3047,Tamil Nadu
2026-05-01,3047,Tamil Nadu
2026-06-01,3047,Tamil Nadu
2026-01-01,2507,Telangana
2026-02-01,2507,Telangana
2026-03-01,2507,Telangana
2026-04-01,2507,Telangana
2026-05-01,2507,Telangana
2026-06-01,2507,Telangana
2026-01-01,2542,West Bengal
2026-02-01,2542,West Bengal
2026-03-01,2542,West Bengal
2026-04-01,2542,West Bengal
2026-05-01,2542,West Bengal
2026-06-01,2542,West Bengal
