month,region,adult_population,diagnosed_patients,treated_patients
2023-01-01,Maharashtra,1250000,146797,113424
2023-02-01,Maharashtra,1265000,153069,123019
2023-03-01,Maharashtra,1280180,127239,106508
2023-04-01,Maharashtra,1295542,150312,122403
2023-05-01,Maharashtra,1311088,150598,116569
2023-06-01,Maharashtra,1326821,161918,134588
2023-07-01,Maharashtra,1342743,155124,127004
2023-08-01,Maharashtra,1358856,161350,120571
2023-09-01,Maharashtra,1375162,162200,118026
2023-10-01,Maharashtra,1391664,169821,135143
2023-11-01,Maharashtra,1408364,159879,121914
2023-12-01,Maharashtra,1425265,177845,147108
2024-01-01,Maharashtra,1442368,160929,119627
2024-02-01,Maharashtra,1459676,174078,126251
2024-03-01,Maharashtra,1477192,174754,140146
2024-04-01,Maharashtra,1494919,197528,165153
2024-05-01,Maharashtra,1512858,167779,128259
2024-06-01,Maharashtra,1531012,183610,136373
2024-07-01,Maharashtra,1549384,176766,137362
2024-08-01,Maharashtra,1567977,169975,136044
2024-09-01,Maharashtra,1586792,191916,157356
2024-10-01,Maharashtra,1605834,169624,128487
2024-11-01,Maharashtra,1625104,178234,145540
2024-12-01,Maharashtra,1644605,190664,143874
2025-01-01,Maharashtra,1664341,203002,149565
2025-02-01,Maharashtra,1684313,202844,146226
2025-03-01,Maharashtra,1704524,199962,159926
2025-04-01,Maharashtra,1724979,178264,145051
2025-05-01,Maharashtra,1745678,194184,153065
2025-06-01,Maharashtra,1766627,199273,146215
2025-07-01,Maharashtra,1787826,193216,150038
2025-08-01,Maharashtra,1809280,183708,149134
2025-09-01,Maharashtra,1830991,212947,167467
2025-10-01,Maharashtra,1852963,223633,169172
2025-11-01,Maharashtra,1875199,210416,162526
2025-12-01,Maharashtra,1897701,231261,177845
2023-01-01,Karnataka,1050000,110034,82313
2023-02-01,Karnataka,1066800,114835,86558
2023-03-01,Karnataka,1083868,125879,100631
2023-04-01,Karnataka,1101210,122875,100028
2023-05-01,Karnataka,1118830,134264,103217
2023-06-01,Karnataka,1136731,134877,99813
2023-07-01,Karnataka,1154919,129461,94610
2023-08-01,Karnataka,1173397,123715,95931
2023-09-01,Karnataka,1192172,132622,103461
2023-10-01,Karnataka,1211246,143951,115673
2023-11-01,Karnataka,1230626,148072,113382
2023-12-01,Karnataka,1250316,139552,111032
2024-01-01,Karnataka,1270321,128939,94192
2024-02-01,Karnataka,1290647,134767,112588
2024-03-01,Karnataka,1311297,154992,124608
2024-04-01,Karnataka,1332278,149181,124760
2024-05-01,Karnataka,1353594,151805,122358
2024-06-01,Karnataka,1375252,147882,111306
2024-07-01,Karnataka,1397256,150065,124300
2024-08-01,Karnataka,1419612,172798,128610
2024-09-01,Karnataka,1442326,170880,134910
2024-10-01,Karnataka,1465403,161555,132926
2024-11-01,Karnataka,1488849,172076,138750
2024-12-01,Karnataka,1512671,176772,140582
2025-01-01,Karnataka,1536874,196434,156750
2025-02-01,Karnataka,1561464,166783,128405
2025-03-01,Karnataka,1586447,185233,144348
2025-04-01,Karnataka,1611830,196128,144613
2025-05-01,Karnataka,1637619,207496,164029
2025-06-01,Karnataka,1663821,182823,151928
2025-07-01,Karnataka,1690443,189129,144045
2025-08-01,Karnataka,1717490,206238,149055
2025-09-01,Karnataka,1744969,180139,140125
2025-10-01,Karnataka,1772889,208328,152064
2025-11-01,Karnataka,1801255,235917,183752
2025-12-01,Karnataka,1830075,216525,170753
2023-01-01,Gujarat,920000,90108,67764
2023-02-01,Gujarat,928279,100714,78806
2023-03-01,Gujarat,936634,103126,74518
2023-04-01,Gujarat,945064,116741,96607
2023-05-01,Gujarat,953569,108450,85294
2023-06-01,Gujarat,962151,97756,78270
2023-07-01,Gujarat,970811,111225,89785
2023-08-01,Gujarat,979548,113668,83310
2023-09-01,Gujarat,988364,109713,82024
2023-10-01,Gujarat,997259,106985,84152
2023-11-01,Gujarat,1006235,132850,108880
2023-12-01,Gujarat,1015291,123568,93671
2024-01-01,Gujarat,1024428,125443,94698
2024-02-01,Gujarat,1033648,117574,88264
2024-03-01,Gujarat,1042951,114476,84683
2024-04-01,Gujarat,1052338,117188,90493
2024-05-01,Gujarat,1061809,111252,92005
2024-06-01,Gujarat,1071365,136741,113070
2024-07-01,Gujarat,1081007,123289,96444
2024-08-01,Gujarat,1090736,136830,111193
2024-09-01,Gujarat,1100553,122945,94033
2024-10-01,Gujarat,1110458,131511,106473
2024-11-01,Gujarat,1120452,130494,108625
2024-12-01,Gujarat,1130536,117637,86431
2025-01-01,Gujarat,1140711,146911,108478
2025-02-01,Gujarat,1150977,128834,102026
2025-03-01,Gujarat,1161336,123268,93343
2025-04-01,Gujarat,1171788,140786,117784
2025-05-01,Gujarat,1182334,135919,100208
2025-06-01,Gujarat,1192975,140413,104966
2025-07-01,Gujarat,1203712,139299,111622
2025-08-01,Gujarat,1214546,119752,93497
2025-09-01,Gujarat,1225476,132662,104767
2025-10-01,Gujarat,1236506,133511,109011
2025-11-01,Gujarat,1247634,152619,123419
2025-12-01,Gujarat,1258863,145077,106609
2023-01-01,Delhi NCR,820000,97504,74854
2023-02-01,Delhi NCR,824920,92703,72181
2023-03-01,Delhi NCR,829869,99007,82638
2023-04-01,Delhi NCR,834848,94975,78922
2023-05-01,Delhi NCR,839857,95079,74791
2023-06-01,Delhi NCR,844896,98356,72066
2023-07-01,Delhi NCR,849966,98361,75766
2023-08-01,Delhi NCR,855066,115553,91463
2023-09-01,Delhi NCR,860196,93050,75977
2023-10-01,Delhi NCR,865357,89384,72773
2023-11-01,Delhi NCR,870549,102311,75003
2023-12-01,Delhi NCR,875773,95605,77977
2024-01-01,Delhi NCR,881027,86183,67540
2024-02-01,Delhi NCR,886313,94392,77791
2024-03-01,Delhi NCR,891631,118309,91039
2024-04-01,Delhi NCR,896981,96860,77316
2024-05-01,Delhi NCR,902363,91082,70540
2024-06-01,Delhi NCR,907777,119857,89700
2024-07-01,Delhi NCR,913224,97007,79350
2024-08-01,Delhi NCR,918703,127001,92455
2024-09-01,Delhi NCR,924215,103561,76380
2024-10-01,Delhi NCR,929761,119780,90702
2024-11-01,Delhi NCR,935339,105728,87808
2024-12-01,Delhi NCR,940951,111482,84075
2025-01-01,Delhi NCR,946597,107845,79143
2025-02-01,Delhi NCR,952277,107697,78257
2025-03-01,Delhi NCR,957990,111948,81319
2025-04-01,Delhi NCR,963738,114465,91764
2025-05-01,Delhi NCR,969521,112700,85444
2025-06-01,Delhi NCR,975338,112578,92876
2025-07-01,Delhi NCR,981190,107172,77722
2025-08-01,Delhi NCR,987077,112745,84550
2025-09-01,Delhi NCR,992999,126693,97547
2025-10-01,Delhi NCR,998957,108781,83199
2025-11-01,Delhi NCR,1004951,117668,86156
2025-12-01,Delhi NCR,1010981,125896,91430
2023-01-01,Tamil Nadu,880000,104580,76541
2023-02-01,Tamil Nadu,889679,108914,90215
2023-03-01,Tamil Nadu,899466,95448,77908
2023-04-01,Tamil Nadu,909360,106494,84886
2023-05-01,Tamil Nadu,919363,103577,76247
2023-06-01,Tamil Nadu,929476,105016,82091
2023-07-01,Tamil Nadu,939700,119127,92387
2023-08-01,Tamil Nadu,950037,107454,85613
2023-09-01,Tamil Nadu,960487,112730,83056
2023-10-01,Tamil Nadu,971053,98024,75481
2023-11-01,Tamil Nadu,981734,126465,96632
2023-12-01,Tamil Nadu,992533,121000,91875
2024-01-01,Tamil Nadu,1003451,114904,92186
2024-02-01,Tamil Nadu,1014489,113951,95019
2024-03-01,Tamil Nadu,1025649,122730,95448
2024-04-01,Tamil Nadu,1036931,129014,101179
2024-05-01,Tamil Nadu,1048337,135184,107918
2024-06-01,Tamil Nadu,1059869,128905,101052
2024-07-01,Tamil Nadu,1071527,123796,93413
2024-08-01,Tamil Nadu,1083314,133157,99107
2024-09-01,Tamil Nadu,1095231,132806,109337
2024-10-01,Tamil Nadu,1107278,127960,101565
2024-11-01,Tamil Nadu,1119458,135462,109329
2024-12-01,Tamil Nadu,1131772,136770,113835
2025-01-01,Tamil Nadu,1144222,130972,109370
2025-02-01,Tamil Nadu,1156808,128236,101465
2025-03-01,Tamil Nadu,1169533,140461,114533
2025-04-01,Tamil Nadu,1182398,126386,94840
2025-05-01,Tamil Nadu,1195404,125837,92037
2025-06-01,Tamil Nadu,1208554,142000,111866
2025-07-01,Tamil Nadu,1221848,146463,113643
2025-08-01,Tamil Nadu,1235288,145065,117745
2025-09-01,Tamil Nadu,1248876,147755,115109
2025-10-01,Tamil Nadu,1262614,124360,103436
2025-11-01,Tamil Nadu,1276503,152832,112186
2025-12-01,Tamil Nadu,1290544,163650,130747
2023-01-01,Telangana,650000,79152,64344
2023-02-01,Telangana,661700,80403,61109
2023-03-01,Telangana,673610,78720,63881
2023-04-01,Telangana,685735,80342,61357
2023-05-01,Telangana,698078,79455,58710
2023-06-01,Telangana,710644,83903,69835
2023-07-01,Telangana,723435,77068,59033
2023-08-01,Telangana,736457,93420,73461
2023-09-01,Telangana,749713,81285,66136
2023-10-01,Telangana,763208,92924,71102
2023-11-01,Telangana,776946,97609,78685
2023-12-01,Telangana,790931,96283,70692
2024-01-01,Telangana,805168,107587,85687
2024-02-01,Telangana,819661,81123,64135
2024-03-01,Telangana,834415,92902,67026
2024-04-01,Telangana,849434,106583,87296
2024-05-01,Telangana,864724,90784,70359
2024-06-01,Telangana,880289,95640,72325
2024-07-01,Telangana,896134,106813,86919
2024-08-01,Telangana,912265,94599,79429
2024-09-01,Telangana,928686,107202,80837
2024-10-01,Telangana,945402,112195,82213
2024-11-01,Telangana,962419,111742,81666
2024-12-01,Telangana,979743,114466,82813
2025-01-01,Telangana,997378,109075,80406
2025-02-01,Telangana,1015331,118361,88035
2025-03-01,Telangana,1033607,115609,92342
2025-04-01,Telangana,1052212,118766,85588
2025-05-01,Telangana,1071152,130290,103282
2025-06-01,Telangana,1090432,114089,85410
2025-07-01,Telangana,1110060,106933,77726
2025-08-01,Telangana,1130041,136729,113667
2025-09-01,Telangana,1150382,134114,107797
2025-10-01,Telangana,1171089,147113,106630
2025-11-01,Telangana,1192168,129760,95372
2025-12-01,Telangana,1213627,138614,112197
2023-01-01,West Bengal,780000,90274,74217
2023-02-01,West Bengal,787800,86850,70188
2023-03-01,West Bengal,795678,85849,64600
2023-04-01,West Bengal,803634,97584,81738
2023-05-01,West Bengal,811671,84367,61296
2023-06-01,West Bengal,819787,87451,63409
2023-07-01,West Bengal,827985,94349,75965
2023-08-01,West Bengal,836265,102380,74840
2023-09-01,West Bengal,844628,93524,78336
2023-10-01,West Bengal,853074,93638,76229
2023-11-01,West Bengal,861605,97780,77118
2023-12-01,West Bengal,870221,102595,85515
2024-01-01,West Bengal,878923,98665,77882
2024-02-01,West Bengal,887712,109665,87502
2024-03-01,West Bengal,896589,111102,81972
2024-04-01,West Bengal,905555,103188,79298
2024-05-01,West Bengal,914611,119455,87716
2024-06-01,West Bengal,923757,106744,80417
2024-07-01,West Bengal,932995,115327,88957
2024-08-01,West Bengal,942324,110878,88276
2024-09-01,West Bengal,951748,111841,86011
2024-10-01,West Bengal,961265,98321,77732
2024-11-01,West Bengal,970878,102972,74585
2024-12-01,West Bengal,980587,110467,85821
2025-01-01,West Bengal,990393,122658,96739
2025-02-01,West Bengal,1000296,117816,94752
2025-03-01,West Bengal,1010299,113886,90914
2025-04-01,West Bengal,1020402,122400,99693
2025-05-01,West Bengal,1030606,127290,98238
2025-06-01,West Bengal,1040913,119757,91407
2025-07-01,West Bengal,1051322,122778,99254
2025-08-01,West Bengal,1061835,122888,102061
2025-09-01,West Bengal,1072453,122844,96117
2025-10-01,West Bengal,1083178,117810,89268
2025-11-01,West Bengal,1094010,118358,92236
2025-12-01,West Bengal,1104950,132483,96533
2023-01-01,Rajasthan,700000,86577,62912
2023-02-01,Rajasthan,705600,79528,60448
2023-03-01,Rajasthan,711244,80036,60640
2023-04-01,Rajasthan,716934,71943,51925
2023-05-01,Rajasthan,722670,71597,58908
2023-06-01,Rajasthan,728451,91719,67728
2023-07-01,Rajasthan,734279,80215,58906
2023-08-01,Rajasthan,740153,67563,56415
2023-09-01,Rajasthan,746074,100244,81463
2023-10-01,Rajasthan,752043,83118,66703
2023-11-01,Rajasthan,758059,77710,59567
2023-12-01,Rajasthan,764124,88482,63820
2024-01-01,Rajasthan,770237,93450,73172
2024-02-01,Rajasthan,776398,93436,69134
2024-03-01,Rajasthan,782610,95621,80196
2024-04-01,Rajasthan,788871,84597,69427
2024-05-01,Rajasthan,795182,99943,73657
2024-06-01,Rajasthan,801543,101179,77615
2024-07-01,Rajasthan,807955,102319,82943
2024-08-01,Rajasthan,814419,95340,74014
2024-09-01,Rajasthan,820934,92031,68260
2024-10-01,Rajasthan,827502,92193,66872
2024-11-01,Rajasthan,834122,85475,64537
2024-12-01,Rajasthan,840795,93067,73557
2025-01-01,Rajasthan,847521,81231,59306
2025-02-01,Rajasthan,854301,86718,71215
2025-03-01,Rajasthan,861136,100736,80377
2025-04-01,Rajasthan,868025,98063,79582
2025-05-01,Rajasthan,874969,102045,77961
2025-06-01,Rajasthan,881969,106413,80939
2025-07-01,Rajasthan,889025,104976,81661
2025-08-01,Rajasthan,896137,105180,86483
2025-09-01,Rajasthan,903306,103250,85609
2025-10-01,Rajasthan,910532,99222,81563
2025-11-01,Rajasthan,917817,96411,75186
2025-12-01,Rajasthan,925159,102590,75157
