month,region,drug,units_sold,avg_price_inr,revenue_inr
2023-01-01,Maharashtra,Drug_A,1493,1018.38,1520438.92
2023-02-01,Maharashtra,Drug_A,1895,1013.14,1919900.08
2023-03-01,Maharashtra,Drug_A,1823,1049.75,1913697.47
2023-04-01,Maharashtra,Drug_A,2171,961.0,2086321.31
2023-05-01,Maharashtra,Drug_A,1825,1034.21,1887438.77
2023-06-01,Maharashtra,Drug_A,2302,1028.51,2367629.48
2023-07-01,Maharashtra,Drug_A,2228,981.55,2186882.29
2023-08-01,Maharashtra,Drug_A,1872,996.36,1865194.86
2023-09-01,Maharashtra,Drug_A,2044,973.16,1989145.27
2023-10-01,Maharashtra,Drug_A,2288,970.48,2220452.84
2023-11-01,Maharashtra,Drug_A,2146,1001.51,2149234.34
2023-12-01,Maharashtra,Drug_A,2783,981.47,2731437.06
2024-01-01,Maharashtra,Drug_A,2392,1001.89,2396511.38
2024-02-01,Maharashtra,Drug_A,2646,1005.82,2661387.45
2024-03-01,Maharashtra,Drug_A,2985,1008.89,3011528.18
2024-04-01,Maharashtra,Drug_A,4207,1014.35,4267374.6
2024-05-01,Maharashtra,Drug_A,2662,1001.8,2666798.51
2024-06-01,Maharashtra,Drug_A,3268,1021.08,3336881.2
2024-07-01,Maharashtra,Drug_A,3349,1004.76,3364941.21
2024-08-01,Maharashtra,Drug_A,3202,1003.52,3213259.55
2024-09-01,Maharashtra,Drug_A,3377,1004.75,3393041.52
2024-10-01,Maharashtra,Drug_A,3411,979.95,3342603.68
2024-11-01,Maharashtra,Drug_A,3846,971.78,3737466.46
2024-12-01,Maharashtra,Drug_A,3797,980.27,3722089.43
2025-01-01,Maharashtra,Drug_A,4212,974.19,4103291.4
2025-02-01,Maharashtra,Drug_A,4274,1001.38,4279878.69
2025-03-01,Maharashtra,Drug_A,4826,973.54,4698298.95
2025-04-01,Maharashtra,Drug_A,5100,972.87,4961629.07
2025-05-01,Maharashtra,Drug_A,4735,1005.02,4758779.01
2025-06-01,Maharashtra,Drug_A,4964,1004.62,4986916.11
2025-07-01,Maharashtra,Drug_A,5748,991.72,5700383.4
2025-08-01,Maharashtra,Drug_A,4508,987.54,4451849.52
2025-09-01,Maharashtra,Drug_A,5293,1002.69,5307259.54
2025-10-01,Maharashtra,Drug_A,5940,971.05,5768021.04
2025-11-01,Maharashtra,Drug_A,5223,974.39,5089257.42
2025-12-01,Maharashtra,Drug_A,6167,1003.03,6185669.21
2023-01-01,Maharashtra,Drug_B,2717,863.07,2344961.73
2023-02-01,Maharashtra,Drug_B,2950,872.26,2573165.63
2023-03-01,Maharashtra,Drug_B,2810,854.08,2399975.78
2023-04-01,Maharashtra,Drug_B,3188,836.06,2665373.52
2023-05-01,Maharashtra,Drug_B,2907,840.36,2442917.39
2023-06-01,Maharashtra,Drug_B,3232,829.03,2679425.93
2023-07-01,Maharashtra,Drug_B,3392,818.32,2775727.47
2023-08-01,Maharashtra,Drug_B,3112,834.91,2598237.83
2023-09-01,Maharashtra,Drug_B,3099,863.77,2676833.03
2023-10-01,Maharashtra,Drug_B,3529,851.11,3003563.8
2023-11-01,Maharashtra,Drug_B,3322,836.07,2777425.95
2023-12-01,Maharashtra,Drug_B,4067,852.07,3465351.64
2024-01-01,Maharashtra,Drug_B,3445,839.54,2892209.38
2024-02-01,Maharashtra,Drug_B,3427,843.61,2891060.18
2024-03-01,Maharashtra,Drug_B,4142,845.68,3502818.35
2024-04-01,Maharashtra,Drug_B,4812,856.76,4122750.58
2024-05-01,Maharashtra,Drug_B,4347,845.3,3674499.31
2024-06-01,Maharashtra,Drug_B,4114,874.54,3597861.06
2024-07-01,Maharashtra,Drug_B,4379,840.77,3681751.71
2024-08-01,Maharashtra,Drug_B,3596,815.24,2931590.56
2024-09-01,Maharashtra,Drug_B,4891,846.24,4138961.12
2024-10-01,Maharashtra,Drug_B,3719,863.35,3210788.37
2024-11-01,Maharashtra,Drug_B,4309,846.58,3647927.24
2024-12-01,Maharashtra,Drug_B,4663,861.65,4017869.27
2025-01-01,Maharashtra,Drug_B,4204,857.27,3603961.98
2025-02-01,Maharashtra,Drug_B,4617,855.25,3948691.51
2025-03-01,Maharashtra,Drug_B,5034,864.95,4354148.84
2025-04-01,Maharashtra,Drug_B,4804,819.65,3937588.64
2025-05-01,Maharashtra,Drug_B,5953,854.85,5088924.31
2025-06-01,Maharashtra,Drug_B,5300,855.14,4532252.1
2025-07-01,Maharashtra,Drug_B,5602,858.15,4807343.11
2025-08-01,Maharashtra,Drug_B,4315,840.42,3626431.16
2025-09-01,Maharashtra,Drug_B,5568,860.01,4788550.14
2025-10-01,Maharashtra,Drug_B,5146,870.94,4481835.52
2025-11-01,Maharashtra,Drug_B,5539,831.51,4605742.67
2025-12-01,Maharashtra,Drug_B,6107,843.49,5151193.54
2023-01-01,Maharashtra,Drug_C,2246,1098.54,2467331.36
2023-02-01,Maharashtra,Drug_C,2813,1091.01,3069016.99
2023-03-01,Maharashtra,Drug_C,1901,1085.17,2062900.84
2023-04-01,Maharashtra,Drug_C,2522,1112.37,2805388.7
2023-05-01,Maharashtra,Drug_C,2465,1090.5,2688086.9
2023-06-01,Maharashtra,Drug_C,2928,1089.98,3191469.66
2023-07-01,Maharashtra,Drug_C,2318,1062.81,2463600.35
2023-08-01,Maharashtra,Drug_C,2555,1096.32,2801106.18
2023-09-01,Maharashtra,Drug_C,2512,1087.37,2731485.38
2023-10-01,Maharashtra,Drug_C,2596,1029.06,2671447.57
2023-11-01,Maharashtra,Drug_C,2190,1138.89,2494178.27
2023-12-01,Maharashtra,Drug_C,3373,1071.17,3613070.6
2024-01-01,Maharashtra,Drug_C,3090,1091.66,3373223.67
2024-02-01,Maharashtra,Drug_C,3147,1074.79,3382367.15
2024-03-01,Maharashtra,Drug_C,3589,1092.6,3921344.65
2024-04-01,Maharashtra,Drug_C,4407,1124.04,4953663.52
2024-05-01,Maharashtra,Drug_C,3211,1127.29,3619718.07
2024-06-01,Maharashtra,Drug_C,3308,1067.43,3531070.87
2024-07-01,Maharashtra,Drug_C,2995,1152.61,3452055.41
2024-08-01,Maharashtra,Drug_C,3130,1091.21,3415497.07
2024-09-01,Maharashtra,Drug_C,4302,1082.45,4656696.19
2024-10-01,Maharashtra,Drug_C,2494,1132.29,2823925.48
2024-11-01,Maharashtra,Drug_C,3154,1085.3,3423042.51
2024-12-01,Maharashtra,Drug_C,3659,1103.86,4039028.17
2025-01-01,Maharashtra,Drug_C,3279,1111.39,3644256.12
2025-02-01,Maharashtra,Drug_C,4314,1138.87,4913103.05
2025-03-01,Maharashtra,Drug_C,4343,1064.55,4623348.44
2025-04-01,Maharashtra,Drug_C,3811,1072.92,4088894.87
2025-05-01,Maharashtra,Drug_C,4106,1116.87,4585865.37
2025-06-01,Maharashtra,Drug_C,4333,1066.42,4620811.33
2025-07-01,Maharashtra,Drug_C,3964,1110.59,4402382.81
2025-08-01,Maharashtra,Drug_C,4047,1141.06,4617867.82
2025-09-01,Maharashtra,Drug_C,4402,1135.14,4996899.46
2025-10-01,Maharashtra,Drug_C,4264,1069.15,4558855.13
2025-11-01,Maharashtra,Drug_C,4162,1055.57,4393278.52
2025-12-01,Maharashtra,Drug_C,4472,1090.5,4876696.24
2023-01-01,Maharashtra,Drug_D,2616,987.71,2583853.44
2023-02-01,Maharashtra,Drug_D,2768,926.08,2563388.86
2023-03-01,Maharashtra,Drug_D,2377,961.85,2286315.9
2023-04-01,Maharashtra,Drug_D,2658,902.81,2399660.28
2023-05-01,Maharashtra,Drug_D,2647,958.19,2536340.76
2023-06-01,Maharashtra,Drug_D,3051,969.03,2956497.48
2023-07-01,Maharashtra,Drug_D,3235,975.23,3154871.36
2023-08-01,Maharashtra,Drug_D,2732,975.29,2664498.86
2023-09-01,Maharashtra,Drug_D,2794,999.62,2792943.91
2023-10-01,Maharashtra,Drug_D,2885,976.14,2816173.02
2023-11-01,Maharashtra,Drug_D,2601,954.54,2482768.0
2023-12-01,Maharashtra,Drug_D,3410,907.92,3096016.44
2024-01-01,Maharashtra,Drug_D,2831,926.38,2622586.25
2024-02-01,Maharashtra,Drug_D,3006,920.2,2766135.44
2024-03-01,Maharashtra,Drug_D,3849,926.94,3567810.05
2024-04-01,Maharashtra,Drug_D,3521,939.04,3306370.69
2024-05-01,Maharashtra,Drug_D,3011,935.45,2816651.81
2024-06-01,Maharashtra,Drug_D,3423,942.32,3225570.53
2024-07-01,Maharashtra,Drug_D,3564,950.24,3386662.15
2024-08-01,Maharashtra,Drug_D,3167,914.91,2897513.39
2024-09-01,Maharashtra,Drug_D,3730,923.73,3445510.84
2024-10-01,Maharashtra,Drug_D,2912,927.5,2700876.43
2024-11-01,Maharashtra,Drug_D,3442,944.51,3251011.33
2024-12-01,Maharashtra,Drug_D,3651,938.62,3426899.26
2025-01-01,Maharashtra,Drug_D,4559,910.05,4148908.37
2025-02-01,Maharashtra,Drug_D,3822,949.81,3630192.26
2025-03-01,Maharashtra,Drug_D,4955,967.97,4796304.47
2025-04-01,Maharashtra,Drug_D,3959,983.93,3895393.16
2025-05-01,Maharashtra,Drug_D,2954,930.85,2749720.42
2025-06-01,Maharashtra,Drug_D,3553,923.02,3279501.17
2025-07-01,Maharashtra,Drug_D,3651,937.4,3422451.99
2025-08-01,Maharashtra,Drug_D,4433,952.63,4222986.92
2025-09-01,Maharashtra,Drug_D,4268,948.86,4049719.05
2025-10-01,Maharashtra,Drug_D,4056,976.42,3960355.3
2025-11-01,Maharashtra,Drug_D,4272,962.29,4110885.92
2025-12-01,Maharashtra,Drug_D,4877,928.84,4529940.66
2023-01-01,Karnataka,Drug_A,1328,1033.67,1372716.52
2023-02-01,Karnataka,Drug_A,1244,1028.84,1279882.61
2023-03-01,Karnataka,Drug_A,1766,977.16,1725670.46
2023-04-01,Karnataka,Drug_A,2030,967.79,1964623.63
2023-05-01,Karnataka,Drug_A,1561,1017.95,1589019.61
2023-06-01,Karnataka,Drug_A,1732,1040.74,1802563.7
2023-07-01,Karnataka,Drug_A,1530,983.75,1505132.29
2023-08-01,Karnataka,Drug_A,1566,985.81,1543781.47
2023-09-01,Karnataka,Drug_A,1749,1002.29,1753001.43
2023-10-01,Karnataka,Drug_A,1898,974.61,1849802.3
2023-11-01,Karnataka,Drug_A,1969,1074.81,2116291.34
2023-12-01,Karnataka,Drug_A,2098,975.16,2045893.53
2024-01-01,Karnataka,Drug_A,1952,984.19,1921146.24
2024-02-01,Karnataka,Drug_A,2578,969.59,2499593.37
2024-03-01,Karnataka,Drug_A,2570,1025.44,2635381.4
2024-04-01,Karnataka,Drug_A,2926,981.24,2871119.72
2024-05-01,Karnataka,Drug_A,2674,1005.82,2689556.05
2024-06-01,Karnataka,Drug_A,2573,1017.98,2619271.28
2024-07-01,Karnataka,Drug_A,2787,983.18,2740129.85
2024-08-01,Karnataka,Drug_A,3019,985.65,2975678.57
2024-09-01,Karnataka,Drug_A,3049,983.42,2998444.39
2024-10-01,Karnataka,Drug_A,3053,1028.99,3141496.0
2024-11-01,Karnataka,Drug_A,3543,988.95,3503849.05
2024-12-01,Karnataka,Drug_A,3380,997.46,3371403.3
2025-01-01,Karnataka,Drug_A,4300,1005.57,4323930.32
2025-02-01,Karnataka,Drug_A,3959,1064.39,4213914.85
2025-03-01,Karnataka,Drug_A,4506,1006.27,4534262.03
2025-04-01,Karnataka,Drug_A,4198,1012.25,4249417.47
2025-05-01,Karnataka,Drug_A,5357,994.91,5329736.99
2025-06-01,Karnataka,Drug_A,5293,1030.7,5455486.77
2025-07-01,Karnataka,Drug_A,4946,1032.8,5108230.68
2025-08-01,Karnataka,Drug_A,4906,997.07,4891635.31
2025-09-01,Karnataka,Drug_A,4833,1003.75,4851127.87
2025-10-01,Karnataka,Drug_A,5456,1008.06,5499974.53
2025-11-01,Karnataka,Drug_A,6101,1038.22,6334157.33
2025-12-01,Karnataka,Drug_A,6662,1045.04,6962030.06
2023-01-01,Karnataka,Drug_B,1867,841.37,1570846.31
2023-02-01,Karnataka,Drug_B,1859,871.04,1619270.25
2023-03-01,Karnataka,Drug_B,2481,859.73,2132977.89
2023-04-01,Karnataka,Drug_B,2815,853.75,2403315.72
2023-05-01,Karnataka,Drug_B,2965,847.56,2513006.81
2023-06-01,Karnataka,Drug_B,2642,824.04,2177111.41
2023-07-01,Karnataka,Drug_B,2368,870.09,2060363.11
2023-08-01,Karnataka,Drug_B,2306,866.57,1998311.01
2023-09-01,Karnataka,Drug_B,2679,834.33,2235175.17
2023-10-01,Karnataka,Drug_B,2894,832.12,2408153.82
2023-11-01,Karnataka,Drug_B,3080,814.24,2507855.43
2023-12-01,Karnataka,Drug_B,2482,862.62,2141029.79
2024-01-01,Karnataka,Drug_B,2544,828.36,2107346.14
2024-02-01,Karnataka,Drug_B,3176,840.22,2668524.97
2024-03-01,Karnataka,Drug_B,3610,884.74,3193903.77
2024-04-01,Karnataka,Drug_B,4033,849.5,3426031.61
2024-05-01,Karnataka,Drug_B,4435,821.01,3641157.28
2024-06-01,Karnataka,Drug_B,3135,855.35,2681519.85
2024-07-01,Karnataka,Drug_B,3947,843.05,3327510.55
2024-08-01,Karnataka,Drug_B,3652,814.15,2973279.47
2024-09-01,Karnataka,Drug_B,3686,878.23,3237164.99
2024-10-01,Karnataka,Drug_B,3913,862.38,3374504.64
2024-11-01,Karnataka,Drug_B,4107,884.92,3634353.57
2024-12-01,Karnataka,Drug_B,3838,872.79,3349755.66
2025-01-01,Karnataka,Drug_B,5390,848.34,4572557.42
2025-02-01,Karnataka,Drug_B,4356,851.05,3707162.9
2025-03-01,Karnataka,Drug_B,5031,862.59,4339688.06
2025-04-01,Karnataka,Drug_B,4888,876.52,4284429.59
2025-05-01,Karnataka,Drug_B,6356,873.51,5552020.59
2025-06-01,Karnataka,Drug_B,6511,835.49,5439888.11
2025-07-01,Karnataka,Drug_B,4407,836.31,3685624.76
2025-08-01,Karnataka,Drug_B,5797,831.95,4822837.93
2025-09-01,Karnataka,Drug_B,4618,831.42,3839484.36
2025-10-01,Karnataka,Drug_B,5028,875.57,4402353.87
2025-11-01,Karnataka,Drug_B,5983,850.03,5085709.46
2025-12-01,Karnataka,Drug_B,6015,831.72,5002819.39
2023-01-01,Karnataka,Drug_C,1717,1082.85,1859253.64
2023-02-01,Karnataka,Drug_C,1828,1111.76,2032301.11
2023-03-01,Karnataka,Drug_C,2316,1123.93,2603011.44
2023-04-01,Karnataka,Drug_C,1979,1075.92,2129252.33
2023-05-01,Karnataka,Drug_C,2089,1084.16,2264813.14
2023-06-01,Karnataka,Drug_C,2348,1062.38,2494475.44
2023-07-01,Karnataka,Drug_C,2144,1070.1,2294303.89
2023-08-01,Karnataka,Drug_C,2015,1105.08,2226738.31
2023-09-01,Karnataka,Drug_C,1986,1118.57,2221489.13
2023-10-01,Karnataka,Drug_C,2178,1072.65,2336230.94
2023-11-01,Karnataka,Drug_C,2250,1138.63,2561913.08
2023-12-01,Karnataka,Drug_C,2429,1080.21,2623835.55
2024-01-01,Karnataka,Drug_C,2036,1084.41,2207863.47
2024-02-01,Karnataka,Drug_C,2693,1112.26,2995317.38
2024-03-01,Karnataka,Drug_C,3252,1128.26,3669101.64
2024-04-01,Karnataka,Drug_C,2562,1089.3,2790792.9
2024-05-01,Karnataka,Drug_C,2937,1147.02,3368785.5
2024-06-01,Karnataka,Drug_C,2971,1095.36,3254304.97
2024-07-01,Karnataka,Drug_C,2950,1061.54,3131540.13
2024-08-01,Karnataka,Drug_C,2940,1054.07,3098977.16
2024-09-01,Karnataka,Drug_C,3552,1101.94,3914090.37
2024-10-01,Karnataka,Drug_C,3154,1123.87,3544678.96
2024-11-01,Karnataka,Drug_C,3399,1144.13,3888892.22
2024-12-01,Karnataka,Drug_C,3030,1122.03,3399758.48
2025-01-01,Karnataka,Drug_C,4242,1077.61,4571219.72
2025-02-01,Karnataka,Drug_C,3022,1116.71,3374695.94
2025-03-01,Karnataka,Drug_C,3441,1093.26,3761918.96
2025-04-01,Karnataka,Drug_C,3873,1069.79,4143300.8
2025-05-01,Karnataka,Drug_C,5118,1075.34,5503577.27
2025-06-01,Karnataka,Drug_C,3920,1098.04,4304327.23
2025-07-01,Karnataka,Drug_C,3999,1100.44,4400668.55
2025-08-01,Karnataka,Drug_C,4253,1111.11,4725547.58
2025-09-01,Karnataka,Drug_C,3484,1073.44,3739865.88
2025-10-01,Karnataka,Drug_C,3757,1105.66,4153983.3
2025-11-01,Karnataka,Drug_C,4306,1147.38,4940633.17
2025-12-01,Karnataka,Drug_C,4907,1079.4,5296607.71
2023-01-01,Karnataka,Drug_D,1855,928.6,1722556.53
2023-02-01,Karnataka,Drug_D,1958,972.88,1904905.84
2023-03-01,Karnataka,Drug_D,2201,933.49,2054621.0
2023-04-01,Karnataka,Drug_D,2461,959.52,2361385.57
2023-05-01,Karnataka,Drug_D,2819,935.19,2636306.14
2023-06-01,Karnataka,Drug_D,2486,931.98,2316910.28
2023-07-01,Karnataka,Drug_D,2528,934.76,2363074.2
2023-08-01,Karnataka,Drug_D,2030,938.16,1904462.33
2023-09-01,Karnataka,Drug_D,2232,957.35,2136797.94
2023-10-01,Karnataka,Drug_D,2679,942.92,2526089.92
2023-11-01,Karnataka,Drug_D,2670,988.32,2638823.64
2023-12-01,Karnataka,Drug_D,2651,988.3,2619996.35
2024-01-01,Karnataka,Drug_D,2066,956.89,1976929.19
2024-02-01,Karnataka,Drug_D,2675,909.96,2434147.27
2024-03-01,Karnataka,Drug_D,2996,902.47,2703793.5
2024-04-01,Karnataka,Drug_D,3814,934.47,3564082.8
2024-05-01,Karnataka,Drug_D,3260,951.09,3100547.4
2024-06-01,Karnataka,Drug_D,2734,926.9,2534146.04
2024-07-01,Karnataka,Drug_D,3503,968.3,3391971.06
2024-08-01,Karnataka,Drug_D,3143,926.21,2911076.46
2024-09-01,Karnataka,Drug_D,3086,979.15,3021657.25
2024-10-01,Karnataka,Drug_D,3122,949.91,2965606.22
2024-11-01,Karnataka,Drug_D,3373,954.72,3220286.51
2024-12-01,Karnataka,Drug_D,3667,952.64,3493341.22
2025-01-01,Karnataka,Drug_D,4046,921.74,3729376.9
2025-02-01,Karnataka,Drug_D,3460,962.5,3330247.99
2025-03-01,Karnataka,Drug_D,3767,1007.75,3796202.39
2025-04-01,Karnataka,Drug_D,4047,963.98,3901218.83
2025-05-01,Karnataka,Drug_D,4474,943.86,4222820.05
2025-06-01,Karnataka,Drug_D,4320,957.68,4137193.04
2025-07-01,Karnataka,Drug_D,4353,970.92,4226398.05
2025-08-01,Karnataka,Drug_D,4458,932.03,4154969.66
2025-09-01,Karnataka,Drug_D,3905,949.18,3706553.55
2025-10-01,Karnataka,Drug_D,3845,938.36,3607976.16
2025-11-01,Karnataka,Drug_D,4290,991.29,4252645.44
2025-12-01,Karnataka,Drug_D,4753,945.24,4492746.54
2023-01-01,Gujarat,Drug_A,986,960.88,947427.0
2023-02-01,Gujarat,Drug_A,1241,977.5,1213078.71
2023-03-01,Gujarat,Drug_A,1260,1009.47,1271931.8
2023-04-01,Gujarat,Drug_A,1588,990.68,1573195.33
2023-05-01,Gujarat,Drug_A,1575,1029.23,1621042.38
2023-06-01,Gujarat,Drug_A,1263,1012.78,1279142.77
2023-07-01,Gujarat,Drug_A,1449,1001.4,1451035.08
2023-08-01,Gujarat,Drug_A,1571,994.04,1561642.46
2023-09-01,Gujarat,Drug_A,1454,1024.15,1489112.92
2023-10-01,Gujarat,Drug_A,1386,1019.31,1412770.05
2023-11-01,Gujarat,Drug_A,1842,1022.91,1884205.83
2023-12-01,Gujarat,Drug_A,2041,990.61,2021841.31
2024-01-01,Gujarat,Drug_A,1897,989.77,1877588.91
2024-02-01,Gujarat,Drug_A,1990,1022.39,2034562.26
2024-03-01,Gujarat,Drug_A,1913,969.18,1854047.95
2024-04-01,Gujarat,Drug_A,1835,1011.58,1856250.85
2024-05-01,Gujarat,Drug_A,2227,1031.14,2296341.61
2024-06-01,Gujarat,Drug_A,2573,976.95,2513689.19
2024-07-01,Gujarat,Drug_A,2271,1018.44,2312888.48
2024-08-01,Gujarat,Drug_A,2850,1005.9,2866815.15
2024-09-01,Gujarat,Drug_A,2131,996.88,2124353.19
2024-10-01,Gujarat,Drug_A,2421,1019.98,2469377.03
2024-11-01,Gujarat,Drug_A,2771,985.98,2732150.49
2024-12-01,Gujarat,Drug_A,2227,1020.48,2272619.31
2025-01-01,Gujarat,Drug_A,3063,1006.53,3082988.58
2025-02-01,Gujarat,Drug_A,3409,952.63,3247501.96
2025-03-01,Gujarat,Drug_A,2890,1018.88,2944548.88
2025-04-01,Gujarat,Drug_A,4033,968.8,3907155.26
2025-05-01,Gujarat,Drug_A,3176,969.34,3078620.41
2025-06-01,Gujarat,Drug_A,3834,993.4,3808682.01
2025-07-01,Gujarat,Drug_A,3604,1024.98,3694041.53
2025-08-01,Gujarat,Drug_A,2521,1001.15,2523898.43
2025-09-01,Gujarat,Drug_A,3230,1010.47,3263827.34
2025-10-01,Gujarat,Drug_A,3300,1023.55,3377701.56
2025-11-01,Gujarat,Drug_A,4430,986.31,4369346.72
2025-12-01,Gujarat,Drug_A,3975,949.27,3773350.93
2023-01-01,Gujarat,Drug_B,1485,847.09,1257935.62
2023-02-01,Gujarat,Drug_B,1608,857.62,1379054.01
2023-03-01,Gujarat,Drug_B,2044,886.5,1812012.65
2023-04-01,Gujarat,Drug_B,2130,831.05,1770129.52
2023-05-01,Gujarat,Drug_B,2315,831.42,1924745.9
2023-06-01,Gujarat,Drug_B,1998,859.28,1716844.65
2023-07-01,Gujarat,Drug_B,2384,849.93,2026222.6
2023-08-01,Gujarat,Drug_B,2487,866.73,2155550.74
2023-09-01,Gujarat,Drug_B,1926,854.42,1645607.46
2023-10-01,Gujarat,Drug_B,2112,845.9,1786550.27
2023-11-01,Gujarat,Drug_B,2697,827.88,2232800.38
2023-12-01,Gujarat,Drug_B,3061,856.71,2622399.24
2024-01-01,Gujarat,Drug_B,2763,812.55,2245068.56
2024-02-01,Gujarat,Drug_B,2688,831.42,2234843.83
2024-03-01,Gujarat,Drug_B,2284,837.5,1912841.49
2024-04-01,Gujarat,Drug_B,2680,843.56,2260735.37
2024-05-01,Gujarat,Drug_B,3044,851.84,2593008.36
2024-06-01,Gujarat,Drug_B,3564,843.62,3006654.5
2024-07-01,Gujarat,Drug_B,2737,828.27,2266979.37
2024-08-01,Gujarat,Drug_B,3827,865.88,3313735.65
2024-09-01,Gujarat,Drug_B,2661,823.15,2190401.24
2024-10-01,Gujarat,Drug_B,3180,875.13,2782924.81
2024-11-01,Gujarat,Drug_B,3420,850.12,2907416.85
2024-12-01,Gujarat,Drug_B,2732,854.02,2333184.82
2025-01-01,Gujarat,Drug_B,3345,819.71,2741939.07
2025-02-01,Gujarat,Drug_B,3603,862.2,3106508.24
2025-03-01,Gujarat,Drug_B,3370,856.95,2887926.96
2025-04-01,Gujarat,Drug_B,4366,816.57,3565125.32
2025-05-01,Gujarat,Drug_B,3527,846.78,2986579.31
2025-06-01,Gujarat,Drug_B,3592,860.62,3091347.83
2025-07-01,Gujarat,Drug_B,4119,869.58,3581812.58
2025-08-01,Gujarat,Drug_B,3364,814.92,2741400.97
2025-09-01,Gujarat,Drug_B,3333,861.37,2870958.49
2025-10-01,Gujarat,Drug_B,4059,830.68,3371724.77
2025-11-01,Gujarat,Drug_B,4243,842.67,3575434.76
2025-12-01,Gujarat,Drug_B,3876,849.8,3293809.62
2023-01-01,Gujarat,Drug_C,1235,1064.05,1314102.16
2023-02-01,Gujarat,Drug_C,1569,1111.73,1744302.56
2023-03-01,Gujarat,Drug_C,1578,1105.09,1743825.86
2023-04-01,Gujarat,Drug_C,2092,1092.32,2285143.25
2023-05-01,Gujarat,Drug_C,1792,1122.75,2011975.02
2023-06-01,Gujarat,Drug_C,1708,1079.44,1843676.22
2023-07-01,Gujarat,Drug_C,2067,1072.28,2216411.99
2023-08-01,Gujarat,Drug_C,1766,1095.05,1933863.67
2023-09-01,Gujarat,Drug_C,1728,1084.84,1874603.5
2023-10-01,Gujarat,Drug_C,1571,1061.74,1667997.62
2023-11-01,Gujarat,Drug_C,2147,1048.39,2250899.22
2023-12-01,Gujarat,Drug_C,2040,1122.7,2290301.22
2024-01-01,Gujarat,Drug_C,2563,1105.05,2832255.95
2024-02-01,Gujarat,Drug_C,2087,1072.5,2238312.67
2024-03-01,Gujarat,Drug_C,2119,1096.86,2324238.32
2024-04-01,Gujarat,Drug_C,2236,1092.63,2443119.92
2024-05-01,Gujarat,Drug_C,2359,1120.58,2643444.33
2024-06-01,Gujarat,Drug_C,3181,1100.23,3499816.44
2024-07-01,Gujarat,Drug_C,2225,1058.47,2355094.59
2024-08-01,Gujarat,Drug_C,2849,1098.16,3128663.7
2024-09-01,Gujarat,Drug_C,2394,1158.04,2772353.33
2024-10-01,Gujarat,Drug_C,2551,1071.79,2734140.84
2024-11-01,Gujarat,Drug_C,2350,1107.99,2603769.84
2024-12-01,Gujarat,Drug_C,1840,1137.04,2092147.98
2025-01-01,Gujarat,Drug_C,3304,1103.68,3646552.32
2025-02-01,Gujarat,Drug_C,2342,1135.45,2659220.46
2025-03-01,Gujarat,Drug_C,2688,1147.32,3083987.74
2025-04-01,Gujarat,Drug_C,3292,1073.84,3535093.54
2025-05-01,Gujarat,Drug_C,2591,1139.77,2953135.46
2025-06-01,Gujarat,Drug_C,2838,1070.76,3038816.02
2025-07-01,Gujarat,Drug_C,3198,1046.46,3346573.35
2025-08-01,Gujarat,Drug_C,2475,1162.64,2877535.82
2025-09-01,Gujarat,Drug_C,2739,1079.13,2955746.05
2025-10-01,Gujarat,Drug_C,2456,1124.87,2762687.04
2025-11-01,Gujarat,Drug_C,3298,1111.26,3664922.83
2025-12-01,Gujarat,Drug_C,2778,1041.82,2894166.46
2023-01-01,Gujarat,Drug_D,1354,955.49,1293736.72
2023-02-01,Gujarat,Drug_D,1660,942.91,1565235.15
2023-03-01,Gujarat,Drug_D,1674,977.5,1636327.79
2023-04-01,Gujarat,Drug_D,2082,1008.53,2099754.67
2023-05-01,Gujarat,Drug_D,2009,926.02,1860377.6
2023-06-01,Gujarat,Drug_D,2023,913.41,1847828.73
2023-07-01,Gujarat,Drug_D,2205,933.15,2057604.93
2023-08-01,Gujarat,Drug_D,1817,977.53,1776177.3
2023-09-01,Gujarat,Drug_D,1722,953.79,1642417.86
2023-10-01,Gujarat,Drug_D,2005,969.31,1943467.5
2023-11-01,Gujarat,Drug_D,2298,959.66,2205287.96
2023-12-01,Gujarat,Drug_D,1982,963.78,1910207.42
2024-01-01,Gujarat,Drug_D,2256,964.13,2175067.72
2024-02-01,Gujarat,Drug_D,2249,883.17,1986250.41
2024-03-01,Gujarat,Drug_D,1971,971.22,1914272.11
2024-04-01,Gujarat,Drug_D,2275,968.26,2202793.21
2024-05-01,Gujarat,Drug_D,2781,939.21,2611933.2
2024-06-01,Gujarat,Drug_D,2688,941.12,2529726.07
2024-07-01,Gujarat,Drug_D,2136,909.98,1943716.83
2024-08-01,Gujarat,Drug_D,3175,952.78,3025079.06
2024-09-01,Gujarat,Drug_D,2404,954.52,2294660.67
2024-10-01,Gujarat,Drug_D,2531,955.1,2417367.16
2024-11-01,Gujarat,Drug_D,2412,894.99,2158724.49
2024-12-01,Gujarat,Drug_D,2032,928.47,1886647.45
2025-01-01,Gujarat,Drug_D,2807,991.9,2784265.63
2025-02-01,Gujarat,Drug_D,2840,978.92,2780134.47
2025-03-01,Gujarat,Drug_D,2658,966.53,2569029.01
2025-04-01,Gujarat,Drug_D,3753,971.58,3646328.71
2025-05-01,Gujarat,Drug_D,2908,923.07,2684277.56
2025-06-01,Gujarat,Drug_D,2979,989.08,2946473.82
2025-07-01,Gujarat,Drug_D,2931,954.98,2799038.73
2025-08-01,Gujarat,Drug_D,2413,967.66,2334965.07
2025-09-01,Gujarat,Drug_D,2935,941.21,2762450.66
2025-10-01,Gujarat,Drug_D,3448,936.11,3227694.36
2025-11-01,Gujarat,Drug_D,3790,949.19,3597430.49
2025-12-01,Gujarat,Drug_D,2886,965.28,2785806.94
2023-01-01,Delhi NCR,Drug_A,1084,988.11,1071116.46
2023-02-01,Delhi NCR,Drug_A,1119,1025.8,1147872.4
2023-03-01,Delhi NCR,Drug_A,1367,1035.34,1415311.69
2023-04-01,Delhi NCR,Drug_A,1245,988.98,1231285.88
2023-05-01,Delhi NCR,Drug_A,1401,977.4,1369341.31
2023-06-01,Delhi NCR,Drug_A,1355,1024.77,1388560.15
2023-07-01,Delhi NCR,Drug_A,1306,998.89,1304548.57
2023-08-01,Delhi NCR,Drug_A,1520,992.88,1509184.96
2023-09-01,Delhi NCR,Drug_A,1254,958.51,1201972.09
2023-10-01,Delhi NCR,Drug_A,1294,949.8,1229047.65
2023-11-01,Delhi NCR,Drug_A,1251,1005.82,1258278.36
2023-12-01,Delhi NCR,Drug_A,1588,995.34,1580595.8
2024-01-01,Delhi NCR,Drug_A,1291,1001.01,1292308.09
2024-02-01,Delhi NCR,Drug_A,1631,976.35,1592421.52
2024-03-01,Delhi NCR,Drug_A,1992,973.09,1938395.03
2024-04-01,Delhi NCR,Drug_A,1579,991.84,1566108.25
2024-05-01,Delhi NCR,Drug_A,1751,1002.4,1755209.97
2024-06-01,Delhi NCR,Drug_A,2519,1010.18,2544646.01
2024-07-01,Delhi NCR,Drug_A,2022,1013.31,2048922.69
2024-08-01,Delhi NCR,Drug_A,1998,992.97,1983957.57
2024-09-01,Delhi NCR,Drug_A,1788,1056.12,1888349.64
2024-10-01,Delhi NCR,Drug_A,2263,1022.01,2312819.44
2024-11-01,Delhi NCR,Drug_A,2112,1002.54,2117366.67
2024-12-01,Delhi NCR,Drug_A,2019,998.01,2014984.01
2025-01-01,Delhi NCR,Drug_A,2061,992.01,2044534.96
2025-02-01,Delhi NCR,Drug_A,2414,1005.75,2427877.09
2025-03-01,Delhi NCR,Drug_A,2301,959.23,2207192.11
2025-04-01,Delhi NCR,Drug_A,3126,1007.67,3149969.08
2025-05-01,Delhi NCR,Drug_A,2622,980.08,2569779.44
2025-06-01,Delhi NCR,Drug_A,2984,983.13,2933660.24
2025-07-01,Delhi NCR,Drug_A,2121,998.32,2117430.85
2025-08-01,Delhi NCR,Drug_A,3342,1016.01,3395511.22
2025-09-01,Delhi NCR,Drug_A,3246,980.34,3182193.34
2025-10-01,Delhi NCR,Drug_A,2442,968.31,2364603.41
2025-11-01,Delhi NCR,Drug_A,3451,1033.43,3566350.35
2025-12-01,Delhi NCR,Drug_A,3034,982.97,2982328.24
2023-01-01,Delhi NCR,Drug_B,1766,861.61,1521606.89
2023-02-01,Delhi NCR,Drug_B,1585,859.53,1362356.71
2023-03-01,Delhi NCR,Drug_B,2309,886.65,2047273.55
2023-04-01,Delhi NCR,Drug_B,1952,881.26,1720221.17
2023-05-01,Delhi NCR,Drug_B,1850,839.14,1552414.93
2023-06-01,Delhi NCR,Drug_B,1811,810.52,1467847.55
2023-07-01,Delhi NCR,Drug_B,1942,844.86,1640713.01
2023-08-01,Delhi NCR,Drug_B,2207,838.69,1850985.72
2023-09-01,Delhi NCR,Drug_B,1837,836.7,1537013.46
2023-10-01,Delhi NCR,Drug_B,1897,875.07,1660013.96
2023-11-01,Delhi NCR,Drug_B,2063,835.12,1722843.7
2023-12-01,Delhi NCR,Drug_B,2331,850.73,1983049.64
2024-01-01,Delhi NCR,Drug_B,1773,803.15,1423979.4
2024-02-01,Delhi NCR,Drug_B,2274,832.18,1892371.45
2024-03-01,Delhi NCR,Drug_B,3097,865.04,2679025.94
2024-04-01,Delhi NCR,Drug_B,2298,825.69,1897435.71
2024-05-01,Delhi NCR,Drug_B,2368,870.05,2060266.95
2024-06-01,Delhi NCR,Drug_B,2557,847.31,2166568.68
2024-07-01,Delhi NCR,Drug_B,1912,871.66,1666609.18
2024-08-01,Delhi NCR,Drug_B,3118,875.42,2729555.55
2024-09-01,Delhi NCR,Drug_B,1954,836.38,1634284.61
2024-10-01,Delhi NCR,Drug_B,2437,851.55,2075219.13
2024-11-01,Delhi NCR,Drug_B,2805,871.58,2444778.74
2024-12-01,Delhi NCR,Drug_B,2378,840.09,1997730.52
2025-01-01,Delhi NCR,Drug_B,2451,825.9,2024284.18
2025-02-01,Delhi NCR,Drug_B,3214,823.78,2647644.55
2025-03-01,Delhi NCR,Drug_B,2878,808.68,2327372.28
2025-04-01,Delhi NCR,Drug_B,3185,853.1,2717108.7
2025-05-01,Delhi NCR,Drug_B,2962,850.5,2519177.83
2025-06-01,Delhi NCR,Drug_B,3302,841.01,2777004.92
2025-07-01,Delhi NCR,Drug_B,2672,845.38,2258861.98
2025-08-01,Delhi NCR,Drug_B,2916,866.31,2526164.88
2025-09-01,Delhi NCR,Drug_B,3301,856.85,2828470.05
2025-10-01,Delhi NCR,Drug_B,2894,857.16,2480629.47
2025-11-01,Delhi NCR,Drug_B,3046,848.01,2583051.03
2025-12-01,Delhi NCR,Drug_B,3656,877.59,3208480.84
2023-01-01,Delhi NCR,Drug_C,1444,1107.53,1599270.88
2023-02-01,Delhi NCR,Drug_C,1507,1092.37,1646203.29
2023-03-01,Delhi NCR,Drug_C,1862,1153.27,2147382.15
2023-04-01,Delhi NCR,Drug_C,1809,1130.12,2044392.12
2023-05-01,Delhi NCR,Drug_C,1614,1052.4,1698576.63
2023-06-01,Delhi NCR,Drug_C,1478,1114.44,1647135.86
2023-07-01,Delhi NCR,Drug_C,1499,1122.16,1682121.22
2023-08-01,Delhi NCR,Drug_C,2123,1049.54,2228167.48
2023-09-01,Delhi NCR,Drug_C,1512,1121.37,1695510.47
2023-10-01,Delhi NCR,Drug_C,1942,1160.57,2253832.83
2023-11-01,Delhi NCR,Drug_C,1527,1115.15,1702836.9
2023-12-01,Delhi NCR,Drug_C,1555,1059.01,1646767.6
2024-01-01,Delhi NCR,Drug_C,1469,1092.05,1604221.36
2024-02-01,Delhi NCR,Drug_C,2036,1123.68,2287812.97
2024-03-01,Delhi NCR,Drug_C,2013,1071.5,2156938.1
2024-04-01,Delhi NCR,Drug_C,1728,1043.51,1803192.51
2024-05-01,Delhi NCR,Drug_C,1546,1118.4,1729048.48
2024-06-01,Delhi NCR,Drug_C,2259,1143.63,2583460.05
2024-07-01,Delhi NCR,Drug_C,1956,1135.02,2220100.39
2024-08-01,Delhi NCR,Drug_C,1974,1088.31,2148329.42
2024-09-01,Delhi NCR,Drug_C,1916,1095.82,2099591.76
2024-10-01,Delhi NCR,Drug_C,1986,1092.74,2170189.26
2024-11-01,Delhi NCR,Drug_C,2223,1085.11,2412194.8
2024-12-01,Delhi NCR,Drug_C,2442,1125.31,2748012.45
2025-01-01,Delhi NCR,Drug_C,2063,1143.71,2359473.31
2025-02-01,Delhi NCR,Drug_C,2251,1131.2,2546328.73
2025-03-01,Delhi NCR,Drug_C,2490,1060.32,2640189.15
2025-04-01,Delhi NCR,Drug_C,2715,1117.49,3033985.9
2025-05-01,Delhi NCR,Drug_C,2303,1093.93,2519321.08
2025-06-01,Delhi NCR,Drug_C,2461,1099.58,2706078.45
2025-07-01,Delhi NCR,Drug_C,2105,1107.51,2331313.55
2025-08-01,Delhi NCR,Drug_C,2039,1118.95,2281543.19
2025-09-01,Delhi NCR,Drug_C,2846,1131.36,3219860.76
2025-10-01,Delhi NCR,Drug_C,2530,1063.84,2691515.95
2025-11-01,Delhi NCR,Drug_C,2416,1076.18,2600049.21
2025-12-01,Delhi NCR,Drug_C,2553,1096.58,2799563.73
2023-01-01,Delhi NCR,Drug_D,1556,967.0,1504647.24
2023-02-01,Delhi NCR,Drug_D,1513,976.78,1477860.83
2023-03-01,Delhi NCR,Drug_D,2140,950.93,2034995.76
2023-04-01,Delhi NCR,Drug_D,1934,950.87,1838981.25
2023-05-01,Delhi NCR,Drug_D,1647,951.44,1567026.42
2023-06-01,Delhi NCR,Drug_D,1787,974.18,1740856.09
2023-07-01,Delhi NCR,Drug_D,1916,949.42,1819095.54
2023-08-01,Delhi NCR,Drug_D,2077,962.81,1999747.15
2023-09-01,Delhi NCR,Drug_D,1499,936.72,1404147.61
2023-10-01,Delhi NCR,Drug_D,1823,953.79,1738766.07
2023-11-01,Delhi NCR,Drug_D,1726,924.9,1596373.71
2023-12-01,Delhi NCR,Drug_D,1857,944.94,1754760.38
2024-01-01,Delhi NCR,Drug_D,1709,949.54,1622757.49
2024-02-01,Delhi NCR,Drug_D,1810,926.42,1676816.18
2024-03-01,Delhi NCR,Drug_D,2474,969.12,2397608.42
2024-04-01,Delhi NCR,Drug_D,1847,934.13,1725345.93
2024-05-01,Delhi NCR,Drug_D,1835,970.07,1780084.01
2024-06-01,Delhi NCR,Drug_D,1780,954.02,1698162.25
2024-07-01,Delhi NCR,Drug_D,2347,947.7,2224249.76
2024-08-01,Delhi NCR,Drug_D,2215,982.7,2176685.12
2024-09-01,Delhi NCR,Drug_D,2297,955.85,2195582.23
2024-10-01,Delhi NCR,Drug_D,2519,927.59,2336597.12
2024-11-01,Delhi NCR,Drug_D,2038,926.47,1888144.73
2024-12-01,Delhi NCR,Drug_D,2223,975.19,2167858.07
2025-01-01,Delhi NCR,Drug_D,2145,949.67,2037050.95
2025-02-01,Delhi NCR,Drug_D,2309,935.1,2159154.81
2025-03-01,Delhi NCR,Drug_D,2151,966.85,2079701.33
2025-04-01,Delhi NCR,Drug_D,2315,941.95,2180624.12
2025-05-01,Delhi NCR,Drug_D,2348,948.34,2226704.77
2025-06-01,Delhi NCR,Drug_D,2836,965.72,2738770.24
2025-07-01,Delhi NCR,Drug_D,2022,927.74,1875890.33
2025-08-01,Delhi NCR,Drug_D,2385,949.03,2263428.12
2025-09-01,Delhi NCR,Drug_D,2269,936.41,2124703.04
2025-10-01,Delhi NCR,Drug_D,2316,997.6,2310442.78
2025-11-01,Delhi NCR,Drug_D,2585,976.42,2524038.63
2025-12-01,Delhi NCR,Drug_D,2639,943.37,2489540.95
2023-01-01,Tamil Nadu,Drug_A,948,982.88,931771.43
2023-02-01,Tamil Nadu,Drug_A,1418,1010.21,1432477.86
2023-03-01,Tamil Nadu,Drug_A,1412,992.64,1401603.29
2023-04-01,Tamil Nadu,Drug_A,1170,981.15,1147949.88
2023-05-01,Tamil Nadu,Drug_A,1394,973.34,1356841.23
2023-06-01,Tamil Nadu,Drug_A,1487,979.26,1456157.16
2023-07-01,Tamil Nadu,Drug_A,1775,1097.43,1947943.19
2023-08-01,Tamil Nadu,Drug_A,1501,981.94,1473891.36
2023-09-01,Tamil Nadu,Drug_A,1383,999.62,1382469.91
2023-10-01,Tamil Nadu,Drug_A,1334,1008.13,1344850.58
2023-11-01,Tamil Nadu,Drug_A,1599,1007.34,1610736.29
2023-12-01,Tamil Nadu,Drug_A,1691,1029.17,1740325.25
2024-01-01,Tamil Nadu,Drug_A,1866,1018.37,1900271.33
2024-02-01,Tamil Nadu,Drug_A,1954,1031.74,2016016.67
2024-03-01,Tamil Nadu,Drug_A,2014,1015.47,2045146.89
2024-04-01,Tamil Nadu,Drug_A,2396,1040.43,2492867.13
2024-05-01,Tamil Nadu,Drug_A,2496,979.47,2444749.64
2024-06-01,Tamil Nadu,Drug_A,2502,993.46,2485641.04
2024-07-01,Tamil Nadu,Drug_A,1979,1015.98,2010624.51
2024-08-01,Tamil Nadu,Drug_A,2092,983.8,2058115.77
2024-09-01,Tamil Nadu,Drug_A,2761,1018.3,2811536.55
2024-10-01,Tamil Nadu,Drug_A,2486,1020.26,2536376.08
2024-11-01,Tamil Nadu,Drug_A,3187,982.84,3132296.22
2024-12-01,Tamil Nadu,Drug_A,2503,996.87,2495176.59
2025-01-01,Tamil Nadu,Drug_A,3002,991.1,2975284.2
2025-02-01,Tamil Nadu,Drug_A,3114,1019.68,3175274.19
2025-03-01,Tamil Nadu,Drug_A,3595,973.5,3499749.2
2025-04-01,Tamil Nadu,Drug_A,3350,1028.69,3446124.26
2025-05-01,Tamil Nadu,Drug_A,2667,1041.49,2777660.94
2025-06-01,Tamil Nadu,Drug_A,3302,996.25,3289623.36
2025-07-01,Tamil Nadu,Drug_A,4942,1002.97,4956696.03
2025-08-01,Tamil Nadu,Drug_A,3945,991.01,3909548.87
2025-09-01,Tamil Nadu,Drug_A,3867,956.18,3697531.2
2025-10-01,Tamil Nadu,Drug_A,3682,998.13,3675101.27
2025-11-01,Tamil Nadu,Drug_A,4402,945.0,4159890.53
2025-12-01,Tamil Nadu,Drug_A,5019,1000.6,5022010.02
2023-01-01,Tamil Nadu,Drug_B,1900,829.3,1575677.93
2023-02-01,Tamil Nadu,Drug_B,2426,859.97,2086278.25
2023-03-01,Tamil Nadu,Drug_B,2244,868.79,1949569.18
2023-04-01,Tamil Nadu,Drug_B,2174,833.86,1812806.33
2023-05-01,Tamil Nadu,Drug_B,1780,836.94,1489750.38
2023-06-01,Tamil Nadu,Drug_B,2215,849.45,1881525.64
2023-07-01,Tamil Nadu,Drug_B,2343,869.89,2038148.06
2023-08-01,Tamil Nadu,Drug_B,2371,823.81,1953249.22
2023-09-01,Tamil Nadu,Drug_B,2045,844.4,1726800.93
2023-10-01,Tamil Nadu,Drug_B,1947,805.12,1567568.01
2023-11-01,Tamil Nadu,Drug_B,2531,840.82,2128103.99
2023-12-01,Tamil Nadu,Drug_B,2435,852.87,2076729.77
2024-01-01,Tamil Nadu,Drug_B,2238,858.98,1922388.37
2024-02-01,Tamil Nadu,Drug_B,2729,860.04,2347040.36
2024-03-01,Tamil Nadu,Drug_B,2371,849.13,2013293.74
2024-04-01,Tamil Nadu,Drug_B,2789,858.42,2394146.9
2024-05-01,Tamil Nadu,Drug_B,3276,876.42,2871139.07
2024-06-01,Tamil Nadu,Drug_B,2838,817.73,2320730.66
2024-07-01,Tamil Nadu,Drug_B,2649,841.82,2229977.22
2024-08-01,Tamil Nadu,Drug_B,2577,849.56,2189319.43
2024-09-01,Tamil Nadu,Drug_B,3070,851.9,2615339.88
2024-10-01,Tamil Nadu,Drug_B,2734,861.03,2354063.59
2024-11-01,Tamil Nadu,Drug_B,2988,826.69,2470143.85
2024-12-01,Tamil Nadu,Drug_B,2961,870.94,2578847.85
2025-01-01,Tamil Nadu,Drug_B,3821,827.57,3162146.5
2025-02-01,Tamil Nadu,Drug_B,3363,853.83,2871437.94
2025-03-01,Tamil Nadu,Drug_B,4142,882.59,3655690.05
2025-04-01,Tamil Nadu,Drug_B,3494,846.43,2957411.86
2025-05-01,Tamil Nadu,Drug_B,3401,849.44,2888931.2
2025-06-01,Tamil Nadu,Drug_B,4419,846.52,3740785.75
2025-07-01,Tamil Nadu,Drug_B,3356,835.45,2803760.96
2025-08-01,Tamil Nadu,Drug_B,3636,875.61,3183720.83
2025-09-01,Tamil Nadu,Drug_B,3465,845.89,2931024.21
2025-10-01,Tamil Nadu,Drug_B,3375,882.42,2978157.88
2025-11-01,Tamil Nadu,Drug_B,3097,872.03,2700676.52
2025-12-01,Tamil Nadu,Drug_B,4244,832.98,3535169.05
2023-01-01,Tamil Nadu,Drug_C,1438,1147.38,1649933.79
2023-02-01,Tamil Nadu,Drug_C,2141,1108.41,2373111.99
2023-03-01,Tamil Nadu,Drug_C,1686,1134.42,1912626.4
2023-04-01,Tamil Nadu,Drug_C,1625,1112.77,1808254.76
2023-05-01,Tamil Nadu,Drug_C,2069,1097.33,2270379.49
2023-06-01,Tamil Nadu,Drug_C,1843,1094.22,2016655.8
2023-07-01,Tamil Nadu,Drug_C,2154,1087.73,2342968.25
2023-08-01,Tamil Nadu,Drug_C,2005,1125.1,2255819.17
2023-09-01,Tamil Nadu,Drug_C,1562,1134.04,1771375.95
2023-10-01,Tamil Nadu,Drug_C,1702,1037.21,1765338.95
2023-11-01,Tamil Nadu,Drug_C,1885,1097.1,2068035.69
2023-12-01,Tamil Nadu,Drug_C,2125,1091.34,2319093.44
2024-01-01,Tamil Nadu,Drug_C,2030,1067.67,2167361.08
2024-02-01,Tamil Nadu,Drug_C,2409,1047.73,2523969.74
2024-03-01,Tamil Nadu,Drug_C,2483,1055.48,2620764.24
2024-04-01,Tamil Nadu,Drug_C,2407,1080.54,2600869.7
2024-05-01,Tamil Nadu,Drug_C,2439,1108.35,2703273.58
2024-06-01,Tamil Nadu,Drug_C,2549,1076.83,2744847.92
2024-07-01,Tamil Nadu,Drug_C,2243,1082.69,2428481.73
2024-08-01,Tamil Nadu,Drug_C,2104,1105.64,2326257.08
2024-09-01,Tamil Nadu,Drug_C,2380,1094.46,2604805.83
2024-10-01,Tamil Nadu,Drug_C,2585,1096.29,2833909.33
2024-11-01,Tamil Nadu,Drug_C,2939,1118.51,3287299.64
2024-12-01,Tamil Nadu,Drug_C,2769,1064.4,2947328.59
2025-01-01,Tamil Nadu,Drug_C,2896,1138.97,3298456.57
2025-02-01,Tamil Nadu,Drug_C,2686,1070.25,2874681.8
2025-03-01,Tamil Nadu,Drug_C,3053,1144.5,3494152.29
2025-04-01,Tamil Nadu,Drug_C,2556,1130.43,2889388.34
2025-05-01,Tamil Nadu,Drug_C,2403,1077.59,2589445.57
2025-06-01,Tamil Nadu,Drug_C,2930,1077.28,3156441.06
2025-07-01,Tamil Nadu,Drug_C,3152,1102.98,3476606.15
2025-08-01,Tamil Nadu,Drug_C,3248,1088.19,3534445.93
2025-09-01,Tamil Nadu,Drug_C,2825,1081.6,3055511.74
2025-10-01,Tamil Nadu,Drug_C,2871,1117.5,3208353.52
2025-11-01,Tamil Nadu,Drug_C,2804,1111.46,3116546.38
2025-12-01,Tamil Nadu,Drug_C,3550,1092.39,3877999.4
2023-01-01,Tamil Nadu,Drug_D,1636,920.91,1506613.04
2023-02-01,Tamil Nadu,Drug_D,2273,944.32,2146437.34
2023-03-01,Tamil Nadu,Drug_D,1854,953.19,1767215.6
2023-04-01,Tamil Nadu,Drug_D,1903,903.29,1718959.96
2023-05-01,Tamil Nadu,Drug_D,1523,932.03,1419476.9
2023-06-01,Tamil Nadu,Drug_D,1770,975.56,1726741.23
2023-07-01,Tamil Nadu,Drug_D,1981,952.33,1886564.92
2023-08-01,Tamil Nadu,Drug_D,2141,937.54,2007279.57
2023-09-01,Tamil Nadu,Drug_D,1904,950.51,1809766.17
2023-10-01,Tamil Nadu,Drug_D,1804,979.77,1767513.32
2023-11-01,Tamil Nadu,Drug_D,2080,993.95,2067405.7
2023-12-01,Tamil Nadu,Drug_D,2036,967.3,1969417.99
2024-01-01,Tamil Nadu,Drug_D,2303,955.17,2199749.45
2024-02-01,Tamil Nadu,Drug_D,2245,947.51,2127159.92
2024-03-01,Tamil Nadu,Drug_D,2652,971.58,2576632.91
2024-04-01,Tamil Nadu,Drug_D,2430,940.66,2285806.69
2024-05-01,Tamil Nadu,Drug_D,2713,940.55,2551724.27
2024-06-01,Tamil Nadu,Drug_D,2285,966.88,2209312.09
2024-07-01,Tamil Nadu,Drug_D,2651,929.02,2462822.91
2024-08-01,Tamil Nadu,Drug_D,2613,961.09,2511319.99
2024-09-01,Tamil Nadu,Drug_D,2951,926.49,2734083.11
2024-10-01,Tamil Nadu,Drug_D,2524,967.2,2441208.95
2024-11-01,Tamil Nadu,Drug_D,2743,973.51,2670326.66
2024-12-01,Tamil Nadu,Drug_D,3000,996.47,2989398.36
2025-01-01,Tamil Nadu,Drug_D,2700,910.41,2458115.8
2025-02-01,Tamil Nadu,Drug_D,2727,935.88,2552140.63
2025-03-01,Tamil Nadu,Drug_D,3012,998.22,3006646.2
2025-04-01,Tamil Nadu,Drug_D,2787,924.38,2576259.63
2025-05-01,Tamil Nadu,Drug_D,2544,978.68,2489753.51
2025-06-01,Tamil Nadu,Drug_D,2816,915.92,2579222.47
2025-07-01,Tamil Nadu,Drug_D,3533,972.03,3434180.32
2025-08-01,Tamil Nadu,Drug_D,3274,933.01,3054689.5
2025-09-01,Tamil Nadu,Drug_D,2756,963.09,2654281.15
2025-10-01,Tamil Nadu,Drug_D,2502,947.38,2370342.51
2025-11-01,Tamil Nadu,Drug_D,3133,958.35,3002512.26
2025-12-01,Tamil Nadu,Drug_D,3141,913.72,2870000.03
2023-01-01,Telangana,Drug_A,1015,1005.38,1020462.99
2023-02-01,Telangana,Drug_A,957,1015.05,971401.57
2023-03-01,Telangana,Drug_A,1029,999.23,1028210.75
2023-04-01,Telangana,Drug_A,989,1067.89,1056148.09
2023-05-01,Telangana,Drug_A,1020,1027.72,1048277.72
2023-06-01,Telangana,Drug_A,1095,1049.31,1148995.38
2023-07-01,Telangana,Drug_A,1043,997.87,1040781.9
2023-08-01,Telangana,Drug_A,1255,950.12,1192398.93
2023-09-01,Telangana,Drug_A,1258,1011.43,1272378.12
2023-10-01,Telangana,Drug_A,1211,1002.06,1213498.4
2023-11-01,Telangana,Drug_A,1403,1004.94,1409929.84
2023-12-01,Telangana,Drug_A,1390,1019.23,1416728.82
2024-01-01,Telangana,Drug_A,2058,990.39,2038230.23
2024-02-01,Telangana,Drug_A,1339,1002.12,1341835.27
2024-03-01,Telangana,Drug_A,1318,1007.97,1328500.64
2024-04-01,Telangana,Drug_A,1919,994.8,1909017.28
2024-05-01,Telangana,Drug_A,1518,982.74,1491794.4
2024-06-01,Telangana,Drug_A,1677,961.18,1611894.28
2024-07-01,Telangana,Drug_A,2239,961.13,2151960.56
2024-08-01,Telangana,Drug_A,2028,1064.42,2158650.44
2024-09-01,Telangana,Drug_A,1826,954.24,1742444.27
2024-10-01,Telangana,Drug_A,2119,1003.98,2127424.72
2024-11-01,Telangana,Drug_A,2243,1035.6,2322860.43
2024-12-01,Telangana,Drug_A,2210,974.84,2154403.73
2025-01-01,Telangana,Drug_A,2277,983.53,2239505.35
2025-02-01,Telangana,Drug_A,3024,986.8,2984097.03
2025-03-01,Telangana,Drug_A,3127,1049.54,3281903.82
2025-04-01,Telangana,Drug_A,2639,975.18,2573491.72
2025-05-01,Telangana,Drug_A,3549,996.66,3537131.92
2025-06-01,Telangana,Drug_A,2923,1029.3,3008651.68
2025-07-01,Telangana,Drug_A,2369,1008.69,2389575.76
2025-08-01,Telangana,Drug_A,3689,1030.24,3800557.27
2025-09-01,Telangana,Drug_A,3321,1002.38,3328905.28
2025-10-01,Telangana,Drug_A,3471,956.21,3319013.5
2025-11-01,Telangana,Drug_A,3371,992.89,3347047.36
2025-12-01,Telangana,Drug_A,3912,992.51,3882707.15
2023-01-01,Telangana,Drug_B,1446,876.51,1267435.78
2023-02-01,Telangana,Drug_B,1592,870.66,1386098.67
2023-03-01,Telangana,Drug_B,1818,862.18,1567443.54
2023-04-01,Telangana,Drug_B,1677,859.31,1441056.46
2023-05-01,Telangana,Drug_B,1676,858.29,1438488.64
2023-06-01,Telangana,Drug_B,1709,834.72,1426535.9
2023-07-01,Telangana,Drug_B,1398,893.01,1248423.28
2023-08-01,Telangana,Drug_B,2144,875.83,1877779.34
2023-09-01,Telangana,Drug_B,1561,850.46,1327562.45
2023-10-01,Telangana,Drug_B,1524,829.93,1264812.79
2023-11-01,Telangana,Drug_B,2079,854.41,1776308.39
2023-12-01,Telangana,Drug_B,1931,834.15,1610743.26
2024-01-01,Telangana,Drug_B,2423,893.28,2164419.25
2024-02-01,Telangana,Drug_B,1763,836.44,1474640.99
2024-03-01,Telangana,Drug_B,1938,836.1,1620356.36
2024-04-01,Telangana,Drug_B,2719,854.45,2323246.05
2024-05-01,Telangana,Drug_B,2151,814.93,1752916.68
2024-06-01,Telangana,Drug_B,1960,898.24,1760550.58
2024-07-01,Telangana,Drug_B,2665,839.06,2236084.76
2024-08-01,Telangana,Drug_B,2465,862.39,2125793.38
2024-09-01,Telangana,Drug_B,2282,884.24,2017842.45
2024-10-01,Telangana,Drug_B,2616,864.83,2262385.47
2024-11-01,Telangana,Drug_B,2072,833.06,1726094.68
2024-12-01,Telangana,Drug_B,2231,831.32,1854683.27
2025-01-01,Telangana,Drug_B,2767,860.42,2380770.2
2025-02-01,Telangana,Drug_B,2729,845.67,2307822.54
2025-03-01,Telangana,Drug_B,2485,845.37,2100752.19
2025-04-01,Telangana,Drug_B,3153,825.72,2603489.81
2025-05-01,Telangana,Drug_B,3744,857.9,3211969.36
2025-06-01,Telangana,Drug_B,3214,874.65,2811123.62
2025-07-01,Telangana,Drug_B,2619,863.78,2262246.14
2025-08-01,Telangana,Drug_B,4049,875.49,3544870.05
2025-09-01,Telangana,Drug_B,3768,859.18,3237398.96
2025-10-01,Telangana,Drug_B,3664,833.05,3052310.33
2025-11-01,Telangana,Drug_B,3042,824.15,2507073.66
2025-12-01,Telangana,Drug_B,4628,857.24,3967292.36
2023-01-01,Telangana,Drug_C,1138,1128.7,1284460.0
2023-02-01,Telangana,Drug_C,1217,1078.5,1312537.33
2023-03-01,Telangana,Drug_C,1491,1098.31,1637583.65
2023-04-01,Telangana,Drug_C,1245,1128.07,1404442.12
2023-05-01,Telangana,Drug_C,1287,1107.68,1425580.42
2023-06-01,Telangana,Drug_C,1465,1104.74,1618442.99
2023-07-01,Telangana,Drug_C,1178,1095.11,1290043.64
2023-08-01,Telangana,Drug_C,1466,1072.1,1571697.41
2023-09-01,Telangana,Drug_C,1144,1127.92,1290342.72
2023-10-01,Telangana,Drug_C,1506,1120.6,1687629.4
2023-11-01,Telangana,Drug_C,1726,1083.88,1870773.02
2023-12-01,Telangana,Drug_C,1568,1071.12,1679512.45
2024-01-01,Telangana,Drug_C,2202,1077.46,2372559.77
2024-02-01,Telangana,Drug_C,1321,1109.99,1466301.12
2024-03-01,Telangana,Drug_C,1523,1063.01,1618964.25
2024-04-01,Telangana,Drug_C,2071,1108.77,2296257.97
2024-05-01,Telangana,Drug_C,1683,1101.73,1854208.13
2024-06-01,Telangana,Drug_C,1908,1146.86,2188202.01
2024-07-01,Telangana,Drug_C,1872,1116.81,2090670.7
2024-08-01,Telangana,Drug_C,1877,1045.06,1961581.15
2024-09-01,Telangana,Drug_C,1922,1093.89,2102457.72
2024-10-01,Telangana,Drug_C,2087,1073.92,2241273.71
2024-11-01,Telangana,Drug_C,2144,1128.58,2419667.25
2024-12-01,Telangana,Drug_C,2014,1104.64,2224745.8
2025-01-01,Telangana,Drug_C,2290,1099.24,2517250.88
2025-02-01,Telangana,Drug_C,2405,1095.97,2635802.82
2025-03-01,Telangana,Drug_C,2312,1048.16,2423346.16
2025-04-01,Telangana,Drug_C,2342,1091.95,2557348.43
2025-05-01,Telangana,Drug_C,2823,1096.35,3094994.11
2025-06-01,Telangana,Drug_C,2227,1100.61,2451060.59
2025-07-01,Telangana,Drug_C,1987,1087.32,2160499.81
2025-08-01,Telangana,Drug_C,3014,1135.93,3423696.87
2025-09-01,Telangana,Drug_C,2850,1119.68,3191083.13
2025-10-01,Telangana,Drug_C,2686,1116.47,2998831.36
2025-11-01,Telangana,Drug_C,2739,1152.39,3156406.67
2025-12-01,Telangana,Drug_C,3268,1099.62,3593572.89
2023-01-01,Telangana,Drug_D,1478,965.9,1427601.66
2023-02-01,Telangana,Drug_D,1624,973.24,1580541.9
2023-03-01,Telangana,Drug_D,1543,957.45,1477338.19
2023-04-01,Telangana,Drug_D,1457,956.18,1393150.97
2023-05-01,Telangana,Drug_D,1572,960.06,1509218.31
2023-06-01,Telangana,Drug_D,1612,966.66,1558252.15
2023-07-01,Telangana,Drug_D,1307,1014.11,1325437.53
2023-08-01,Telangana,Drug_D,1657,928.52,1538559.7
2023-09-01,Telangana,Drug_D,1559,975.35,1520576.75
2023-10-01,Telangana,Drug_D,1474,951.29,1402207.02
2023-11-01,Telangana,Drug_D,1744,953.48,1662869.23
2023-12-01,Telangana,Drug_D,1474,969.1,1428453.7
2024-01-01,Telangana,Drug_D,2234,1008.46,2252906.88
2024-02-01,Telangana,Drug_D,1776,961.23,1707149.87
2024-03-01,Telangana,Drug_D,1662,951.13,1580782.38
2024-04-01,Telangana,Drug_D,2242,972.18,2179637.21
2024-05-01,Telangana,Drug_D,1555,922.01,1433725.5
2024-06-01,Telangana,Drug_D,1769,928.71,1642889.4
2024-07-01,Telangana,Drug_D,2029,942.55,1912437.7
2024-08-01,Telangana,Drug_D,1747,981.97,1715508.0
2024-09-01,Telangana,Drug_D,2045,974.41,1992666.77
2024-10-01,Telangana,Drug_D,1942,941.95,1829258.84
2024-11-01,Telangana,Drug_D,2185,952.98,2082258.52
2024-12-01,Telangana,Drug_D,2379,923.22,2196346.91
2025-01-01,Telangana,Drug_D,2266,916.87,2077626.06
2025-02-01,Telangana,Drug_D,2143,969.03,2076625.98
2025-03-01,Telangana,Drug_D,3060,962.92,2946524.42
2025-04-01,Telangana,Drug_D,2370,953.5,2259798.65
2025-05-01,Telangana,Drug_D,2966,945.49,2804318.32
2025-06-01,Telangana,Drug_D,2763,979.64,2706732.23
2025-07-01,Telangana,Drug_D,2043,962.86,1967131.86
2025-08-01,Telangana,Drug_D,2794,958.57,2678238.11
2025-09-01,Telangana,Drug_D,3058,926.26,2832489.27
2025-10-01,Telangana,Drug_D,2439,957.32,2334912.24
2025-11-01,Telangana,Drug_D,2262,900.15,2036128.39
2025-12-01,Telangana,Drug_D,2939,965.46,2837492.4
2023-01-01,West Bengal,Drug_A,1450,986.8,1430858.8
2023-02-01,West Bengal,Drug_A,1163,985.12,1145693.45
2023-03-01,West Bengal,Drug_A,1102,989.02,1089898.64
2023-04-01,West Bengal,Drug_A,1526,986.68,1505667.42
2023-05-01,West Bengal,Drug_A,1209,978.79,1183358.39
2023-06-01,West Bengal,Drug_A,1165,994.64,1158760.67
2023-07-01,West Bengal,Drug_A,1394,987.33,1376341.74
2023-08-01,West Bengal,Drug_A,1171,1022.1,1196875.33
2023-09-01,West Bengal,Drug_A,1337,972.41,1300110.21
2023-10-01,West Bengal,Drug_A,1605,1021.76,1639919.23
2023-11-01,West Bengal,Drug_A,1398,1028.96,1438489.5
2023-12-01,West Bengal,Drug_A,1755,1000.24,1755427.41
2024-01-01,West Bengal,Drug_A,1457,1001.86,1459703.1
2024-02-01,West Bengal,Drug_A,2325,985.18,2290553.57
2024-03-01,West Bengal,Drug_A,1726,1053.83,1818917.44
2024-04-01,West Bengal,Drug_A,1631,992.43,1618645.65
2024-05-01,West Bengal,Drug_A,2101,993.34,2087003.59
2024-06-01,West Bengal,Drug_A,1925,1024.88,1972897.41
2024-07-01,West Bengal,Drug_A,2203,1013.44,2232610.19
2024-08-01,West Bengal,Drug_A,2269,968.72,2198019.18
2024-09-01,West Bengal,Drug_A,2126,967.9,2057761.82
2024-10-01,West Bengal,Drug_A,1874,1009.67,1892119.2
2024-11-01,West Bengal,Drug_A,1833,996.63,1826826.77
2024-12-01,West Bengal,Drug_A,2357,1012.84,2387261.08
2025-01-01,West Bengal,Drug_A,2598,983.67,2555563.14
2025-02-01,West Bengal,Drug_A,2969,992.89,2947879.78
2025-03-01,West Bengal,Drug_A,2618,1004.92,2630874.7
2025-04-01,West Bengal,Drug_A,3446,1017.39,3505911.8
2025-05-01,West Bengal,Drug_A,2802,970.58,2719572.57
2025-06-01,West Bengal,Drug_A,2696,1028.6,2773117.57
2025-07-01,West Bengal,Drug_A,3329,1017.05,3385769.24
2025-08-01,West Bengal,Drug_A,3361,959.94,3226351.6
2025-09-01,West Bengal,Drug_A,3518,981.37,3452461.15
2025-10-01,West Bengal,Drug_A,2950,963.99,2843779.88
2025-11-01,West Bengal,Drug_A,3247,985.42,3199665.64
2025-12-01,West Bengal,Drug_A,3657,1012.89,3704122.1
2023-01-01,West Bengal,Drug_B,1620,893.18,1446958.84
2023-02-01,West Bengal,Drug_B,2083,840.76,1751306.06
2023-03-01,West Bengal,Drug_B,1554,877.51,1363650.99
2023-04-01,West Bengal,Drug_B,2227,840.49,1871770.96
2023-05-01,West Bengal,Drug_B,1832,856.96,1569942.59
2023-06-01,West Bengal,Drug_B,1792,846.81,1517488.63
2023-07-01,West Bengal,Drug_B,1905,830.73,1582542.45
2023-08-01,West Bengal,Drug_B,1930,845.46,1631735.02
2023-09-01,West Bengal,Drug_B,1850,867.74,1605326.7
2023-10-01,West Bengal,Drug_B,2227,852.69,1898948.58
2023-11-01,West Bengal,Drug_B,2036,850.8,1732233.21
2023-12-01,West Bengal,Drug_B,2376,875.32,2079755.02
2024-01-01,West Bengal,Drug_B,2152,857.44,1845219.62
2024-02-01,West Bengal,Drug_B,2485,835.37,2075897.31
2024-03-01,West Bengal,Drug_B,2641,865.01,2284496.88
2024-04-01,West Bengal,Drug_B,2329,847.58,1974010.4
2024-05-01,West Bengal,Drug_B,2562,860.92,2205672.46
2024-06-01,West Bengal,Drug_B,2317,898.83,2082592.7
2024-07-01,West Bengal,Drug_B,2845,884.83,2517333.23
2024-08-01,West Bengal,Drug_B,2769,853.79,2364145.82
2024-09-01,West Bengal,Drug_B,2642,891.8,2356139.08
2024-10-01,West Bengal,Drug_B,2445,858.11,2098067.4
2024-11-01,West Bengal,Drug_B,2220,841.88,1868975.09
2024-12-01,West Bengal,Drug_B,2525,806.61,2036683.39
2025-01-01,West Bengal,Drug_B,2733,852.49,2329861.67
2025-02-01,West Bengal,Drug_B,3153,879.64,2773491.58
2025-03-01,West Bengal,Drug_B,2779,876.28,2435177.34
2025-04-01,West Bengal,Drug_B,3096,853.88,2643617.57
2025-05-01,West Bengal,Drug_B,3767,867.41,3267540.28
2025-06-01,West Bengal,Drug_B,2905,825.42,2397838.18
2025-07-01,West Bengal,Drug_B,3391,861.27,2920573.19
2025-08-01,West Bengal,Drug_B,3449,860.34,2967300.85
2025-09-01,West Bengal,Drug_B,3319,864.6,2869606.91
2025-10-01,West Bengal,Drug_B,3007,914.1,2748697.11
2025-11-01,West Bengal,Drug_B,3535,863.57,3052726.63
2025-12-01,West Bengal,Drug_B,3363,842.64,2833796.77
2023-01-01,West Bengal,Drug_C,1490,1006.08,1499061.18
2023-02-01,West Bengal,Drug_C,1513,1043.63,1579010.14
2023-03-01,West Bengal,Drug_C,1362,1056.62,1439120.18
2023-04-01,West Bengal,Drug_C,2022,1157.1,2339656.74
2023-05-01,West Bengal,Drug_C,1413,1096.01,1548664.37
2023-06-01,West Bengal,Drug_C,1418,1133.46,1607241.07
2023-07-01,West Bengal,Drug_C,1538,1143.12,1758122.66
2023-08-01,West Bengal,Drug_C,1473,1105.22,1627991.77
2023-09-01,West Bengal,Drug_C,1701,1115.54,1897536.34
2023-10-01,West Bengal,Drug_C,1607,1104.83,1775462.52
2023-11-01,West Bengal,Drug_C,1635,1082.8,1770373.25
2023-12-01,West Bengal,Drug_C,1936,1083.7,2098034.84
2024-01-01,West Bengal,Drug_C,1911,1186.06,2266552.78
2024-02-01,West Bengal,Drug_C,2084,1108.46,2310034.19
2024-03-01,West Bengal,Drug_C,1902,1094.76,2082228.75
2024-04-01,West Bengal,Drug_C,2136,1108.28,2367287.18
2024-05-01,West Bengal,Drug_C,2236,1099.23,2457870.16
2024-06-01,West Bengal,Drug_C,1927,1080.41,2081945.39
2024-07-01,West Bengal,Drug_C,2017,1111.05,2240996.29
2024-08-01,West Bengal,Drug_C,2497,1120.16,2797041.29
2024-09-01,West Bengal,Drug_C,1825,1094.96,1998308.75
2024-10-01,West Bengal,Drug_C,2112,1107.57,2339194.84
2024-11-01,West Bengal,Drug_C,2098,1105.65,2319655.43
2024-12-01,West Bengal,Drug_C,2031,1119.01,2272712.11
2025-01-01,West Bengal,Drug_C,2402,1125.81,2704189.05
2025-02-01,West Bengal,Drug_C,2393,1042.84,2495518.76
2025-03-01,West Bengal,Drug_C,2564,1108.82,2843005.5
2025-04-01,West Bengal,Drug_C,2862,1095.89,3136427.77
2025-05-01,West Bengal,Drug_C,2696,1117.53,3012864.05
2025-06-01,West Bengal,Drug_C,2205,1089.04,2401341.28
2025-07-01,West Bengal,Drug_C,2505,1090.89,2732684.86
2025-08-01,West Bengal,Drug_C,2860,1138.99,3257513.28
2025-09-01,West Bengal,Drug_C,2851,1083.81,3089945.88
2025-10-01,West Bengal,Drug_C,2310,1091.49,2521351.22
2025-11-01,West Bengal,Drug_C,2390,1148.29,2744409.78
2025-12-01,West Bengal,Drug_C,2810,1070.91,3009262.39
2023-01-01,West Bengal,Drug_D,1695,935.3,1585325.7
2023-02-01,West Bengal,Drug_D,2027,973.58,1973454.32
2023-03-01,West Bengal,Drug_D,1616,927.44,1498738.43
2023-04-01,West Bengal,Drug_D,2017,959.25,1934816.33
2023-05-01,West Bengal,Drug_D,1562,937.8,1464841.96
2023-06-01,West Bengal,Drug_D,1510,997.26,1505868.82
2023-07-01,West Bengal,Drug_D,1694,955.62,1618826.46
2023-08-01,West Bengal,Drug_D,1925,989.94,1905626.03
2023-09-01,West Bengal,Drug_D,1723,948.87,1634911.58
2023-10-01,West Bengal,Drug_D,1782,913.15,1627238.79
2023-11-01,West Bengal,Drug_D,1702,918.7,1563635.78
2023-12-01,West Bengal,Drug_D,2006,952.13,1909980.77
2024-01-01,West Bengal,Drug_D,1731,940.84,1628597.36
2024-02-01,West Bengal,Drug_D,2038,973.37,1983720.78
2024-03-01,West Bengal,Drug_D,1894,991.82,1878501.38
2024-04-01,West Bengal,Drug_D,2032,891.05,1810612.15
2024-05-01,West Bengal,Drug_D,2446,913.17,2233624.28
2024-06-01,West Bengal,Drug_D,2103,942.0,1981026.79
2024-07-01,West Bengal,Drug_D,1940,951.83,1846557.49
2024-08-01,West Bengal,Drug_D,1965,927.06,1821676.53
2024-09-01,West Bengal,Drug_D,1935,929.56,1798694.14
2024-10-01,West Bengal,Drug_D,1801,961.05,1730852.29
2024-11-01,West Bengal,Drug_D,1874,936.42,1754857.51
2024-12-01,West Bengal,Drug_D,2059,950.06,1956165.17
2025-01-01,West Bengal,Drug_D,2684,902.11,2421274.54
2025-02-01,West Bengal,Drug_D,2680,957.77,2566816.92
2025-03-01,West Bengal,Drug_D,2293,972.67,2230332.98
2025-04-01,West Bengal,Drug_D,2759,955.55,2636351.68
2025-05-01,West Bengal,Drug_D,2540,938.79,2384519.63
2025-06-01,West Bengal,Drug_D,2484,954.78,2371663.89
2025-07-01,West Bengal,Drug_D,2819,930.33,2622596.26
2025-08-01,West Bengal,Drug_D,2691,931.13,2505674.51
2025-09-01,West Bengal,Drug_D,2379,923.59,2197231.74
2025-10-01,West Bengal,Drug_D,2379,928.69,2209347.57
2025-11-01,West Bengal,Drug_D,2506,926.2,2321049.5
2025-12-01,West Bengal,Drug_D,2580,958.58,2473129.4
2023-01-01,Rajasthan,Drug_A,937,970.97,909800.81
2023-02-01,Rajasthan,Drug_A,955,1000.24,955228.69
2023-03-01,Rajasthan,Drug_A,994,961.03,955260.8
2023-04-01,Rajasthan,Drug_A,924,997.25,921462.43
2023-05-01,Rajasthan,Drug_A,1062,999.17,1061122.88
2023-06-01,Rajasthan,Drug_A,1254,1002.26,1256836.29
2023-07-01,Rajasthan,Drug_A,828,968.38,801817.26
2023-08-01,Rajasthan,Drug_A,945,1012.77,957064.0
2023-09-01,Rajasthan,Drug_A,1300,1052.61,1368387.37
2023-10-01,Rajasthan,Drug_A,1089,1000.36,1089396.27
2023-11-01,Rajasthan,Drug_A,1121,1008.15,1130130.62
2023-12-01,Rajasthan,Drug_A,1039,977.55,1015673.26
2024-01-01,Rajasthan,Drug_A,1425,1018.83,1451839.12
2024-02-01,Rajasthan,Drug_A,1497,969.34,1451102.4
2024-03-01,Rajasthan,Drug_A,1649,955.72,1575986.54
2024-04-01,Rajasthan,Drug_A,1670,986.91,1648144.8
2024-05-01,Rajasthan,Drug_A,1848,1004.09,1855552.91
2024-06-01,Rajasthan,Drug_A,1784,986.58,1760053.81
2024-07-01,Rajasthan,Drug_A,2067,1014.99,2097974.07
2024-08-01,Rajasthan,Drug_A,2044,956.68,1955446.59
2024-09-01,Rajasthan,Drug_A,1523,980.38,1493118.04
2024-10-01,Rajasthan,Drug_A,1729,1006.41,1740084.57
2024-11-01,Rajasthan,Drug_A,1800,1004.9,1808827.62
2024-12-01,Rajasthan,Drug_A,2041,955.43,1950032.25
2025-01-01,Rajasthan,Drug_A,1808,950.46,1718440.2
2025-02-01,Rajasthan,Drug_A,1995,980.32,1955729.82
2025-03-01,Rajasthan,Drug_A,2655,1003.29,2663726.21
2025-04-01,Rajasthan,Drug_A,2410,1027.93,2477301.55
2025-05-01,Rajasthan,Drug_A,2481,1024.13,2540856.35
2025-06-01,Rajasthan,Drug_A,3052,1010.39,3083699.67
2025-07-01,Rajasthan,Drug_A,2710,1018.11,2759075.31
2025-08-01,Rajasthan,Drug_A,3319,1008.08,3345814.71
2025-09-01,Rajasthan,Drug_A,2687,994.64,2672610.17
2025-10-01,Rajasthan,Drug_A,2552,991.54,2530422.04
2025-11-01,Rajasthan,Drug_A,2497,996.19,2487493.43
2025-12-01,Rajasthan,Drug_A,2994,962.39,2881391.54
2023-01-01,Rajasthan,Drug_B,1388,826.07,1146587.87
2023-02-01,Rajasthan,Drug_B,1431,837.18,1198002.77
2023-03-01,Rajasthan,Drug_B,1670,806.87,1347472.21
2023-04-01,Rajasthan,Drug_B,1301,838.12,1090391.09
2023-05-01,Rajasthan,Drug_B,1692,830.76,1405641.73
2023-06-01,Rajasthan,Drug_B,1849,822.49,1520792.88
2023-07-01,Rajasthan,Drug_B,1477,879.31,1298743.14
2023-08-01,Rajasthan,Drug_B,1243,844.08,1049190.58
2023-09-01,Rajasthan,Drug_B,2112,818.16,1727954.26
2023-10-01,Rajasthan,Drug_B,1638,855.64,1401531.79
2023-11-01,Rajasthan,Drug_B,1492,888.02,1324921.45
2023-12-01,Rajasthan,Drug_B,1514,868.44,1314815.35
2024-01-01,Rajasthan,Drug_B,1882,835.93,1573229.23
2024-02-01,Rajasthan,Drug_B,1560,868.38,1354670.59
2024-03-01,Rajasthan,Drug_B,2063,783.76,1616899.21
2024-04-01,Rajasthan,Drug_B,1823,833.55,1519568.71
2024-05-01,Rajasthan,Drug_B,2473,843.6,2086213.51
2024-06-01,Rajasthan,Drug_B,2767,830.77,2298740.83
2024-07-01,Rajasthan,Drug_B,2935,871.73,2558517.43
2024-08-01,Rajasthan,Drug_B,2182,860.81,1878288.22
2024-09-01,Rajasthan,Drug_B,1779,831.44,1479137.62
2024-10-01,Rajasthan,Drug_B,1925,854.67,1645249.03
2024-11-01,Rajasthan,Drug_B,1772,825.29,1462405.81
2024-12-01,Rajasthan,Drug_B,2363,875.6,2069048.32
2025-01-01,Rajasthan,Drug_B,1837,847.44,1556747.07
2025-02-01,Rajasthan,Drug_B,2641,852.22,2250701.15
2025-03-01,Rajasthan,Drug_B,2817,907.48,2556369.6
2025-04-01,Rajasthan,Drug_B,2793,856.26,2391541.64
2025-05-01,Rajasthan,Drug_B,2218,867.44,1923981.68
2025-06-01,Rajasthan,Drug_B,3221,870.16,2802793.68
2025-07-01,Rajasthan,Drug_B,2728,831.73,2268965.59
2025-08-01,Rajasthan,Drug_B,2682,870.79,2335451.49
2025-09-01,Rajasthan,Drug_B,3418,842.12,2878350.04
2025-10-01,Rajasthan,Drug_B,2759,827.95,2284310.59
2025-11-01,Rajasthan,Drug_B,2604,886.76,2309132.7
2025-12-01,Rajasthan,Drug_B,2732,857.08,2341546.42
2023-01-01,Rajasthan,Drug_C,1280,1097.11,1404302.38
2023-02-01,Rajasthan,Drug_C,1302,1150.61,1498100.15
2023-03-01,Rajasthan,Drug_C,1602,1075.67,1723219.72
2023-04-01,Rajasthan,Drug_C,1056,1094.16,1155430.6
2023-05-01,Rajasthan,Drug_C,1491,1060.29,1580897.13
2023-06-01,Rajasthan,Drug_C,1354,1105.32,1496604.89
2023-07-01,Rajasthan,Drug_C,1201,1112.2,1335754.5
2023-08-01,Rajasthan,Drug_C,1324,1108.22,1467287.93
2023-09-01,Rajasthan,Drug_C,1588,1111.94,1765755.34
2023-10-01,Rajasthan,Drug_C,1496,1098.64,1643562.9
2023-11-01,Rajasthan,Drug_C,1245,1108.94,1380628.37
2023-12-01,Rajasthan,Drug_C,1414,1069.97,1512931.89
2024-01-01,Rajasthan,Drug_C,1707,1129.66,1928321.97
2024-02-01,Rajasthan,Drug_C,1790,1099.17,1967516.74
2024-03-01,Rajasthan,Drug_C,1929,1119.3,2159126.81
2024-04-01,Rajasthan,Drug_C,1777,1114.84,1981074.69
2024-05-01,Rajasthan,Drug_C,1679,1134.9,1905500.56
2024-06-01,Rajasthan,Drug_C,1824,1105.71,2016817.06
2024-07-01,Rajasthan,Drug_C,2173,1096.82,2383387.44
2024-08-01,Rajasthan,Drug_C,1968,1034.64,2036180.26
2024-09-01,Rajasthan,Drug_C,1457,1066.01,1553173.66
2024-10-01,Rajasthan,Drug_C,1435,1083.38,1554655.87
2024-11-01,Rajasthan,Drug_C,1363,1035.39,1411231.0
2024-12-01,Rajasthan,Drug_C,1803,1113.3,2007279.7
2025-01-01,Rajasthan,Drug_C,1414,1136.16,1606532.57
2025-02-01,Rajasthan,Drug_C,1823,1093.83,1994048.96
2025-03-01,Rajasthan,Drug_C,1948,1114.99,2172004.04
2025-04-01,Rajasthan,Drug_C,2159,1108.17,2392543.54
2025-05-01,Rajasthan,Drug_C,2329,1116.75,2600900.11
2025-06-01,Rajasthan,Drug_C,2331,1081.42,2520790.85
2025-07-01,Rajasthan,Drug_C,2279,1104.9,2518071.66
2025-08-01,Rajasthan,Drug_C,2357,1109.64,2615423.13
2025-09-01,Rajasthan,Drug_C,2310,1138.55,2630039.63
2025-10-01,Rajasthan,Drug_C,1897,1104.73,2095664.67
2025-11-01,Rajasthan,Drug_C,2190,1112.23,2435778.37
2025-12-01,Rajasthan,Drug_C,2009,1099.01,2207902.9
2023-01-01,Rajasthan,Drug_D,1181,944.41,1115348.3
2023-02-01,Rajasthan,Drug_D,1517,919.15,1394346.0
2023-03-01,Rajasthan,Drug_D,1436,928.17,1332856.91
2023-04-01,Rajasthan,Drug_D,1173,936.62,1098653.31
2023-05-01,Rajasthan,Drug_D,1285,942.61,1211257.85
2023-06-01,Rajasthan,Drug_D,1599,924.36,1478057.57
2023-07-01,Rajasthan,Drug_D,1358,948.47,1288023.28
2023-08-01,Rajasthan,Drug_D,1305,913.08,1191574.85
2023-09-01,Rajasthan,Drug_D,1572,998.89,1570255.89
2023-10-01,Rajasthan,Drug_D,1369,936.96,1282701.51
2023-11-01,Rajasthan,Drug_D,1249,976.67,1219855.17
2023-12-01,Rajasthan,Drug_D,1259,934.02,1175937.36
2024-01-01,Rajasthan,Drug_D,1665,951.53,1584304.62
2024-02-01,Rajasthan,Drug_D,1571,977.28,1535311.26
2024-03-01,Rajasthan,Drug_D,2019,952.49,1923083.59
2024-04-01,Rajasthan,Drug_D,1561,943.63,1473009.94
2024-05-01,Rajasthan,Drug_D,1740,926.03,1611287.24
2024-06-01,Rajasthan,Drug_D,1552,933.38,1448612.83
2024-07-01,Rajasthan,Drug_D,1710,979.21,1674449.56
2024-08-01,Rajasthan,Drug_D,1854,971.23,1800667.87
2024-09-01,Rajasthan,Drug_D,1435,975.71,1400146.89
2024-10-01,Rajasthan,Drug_D,1750,942.95,1650154.05
2024-11-01,Rajasthan,Drug_D,1596,927.08,1479617.05
2024-12-01,Rajasthan,Drug_D,1752,986.47,1728299.51
2025-01-01,Rajasthan,Drug_D,1459,982.39,1433309.17
2025-02-01,Rajasthan,Drug_D,1811,981.0,1776593.03
2025-03-01,Rajasthan,Drug_D,2329,996.22,2320207.36
2025-04-01,Rajasthan,Drug_D,2308,956.89,2208500.31
2025-05-01,Rajasthan,Drug_D,1773,911.75,1616535.71
2025-06-01,Rajasthan,Drug_D,2381,973.94,2318950.72
2025-07-01,Rajasthan,Drug_D,2010,925.6,1860455.47
2025-08-01,Rajasthan,Drug_D,2512,947.78,2380824.84
2025-09-01,Rajasthan,Drug_D,2322,923.16,2143570.02
2025-10-01,Rajasthan,Drug_D,2230,890.99,1986899.49
2025-11-01,Rajasthan,Drug_D,2086,946.34,1974075.23
2025-12-01,Rajasthan,Drug_D,2166,932.28,2019312.36
